id,row,grade,topic,question,raw_answer,status,ratio,text
tigqa-002-01,2,4ይ,ግደወለዲኣብገዛ ነባሪኣየር,ኣብ ገዛ ደቆም ናይ ምሕጋዝ ሓላፍነት ናይ መን እዩ?,ናይ ወለዲ,unmatched,0.4,
tigqa-002-05,2,4ይ,ግደወለዲኣብገዛ ነባሪኣየር,ድልየት ንባብ ንኽለዓዓል ዝሕግዝ እንታይ እዩ?,ዛንታታት ምንባብ,unmatched,0.556,
tigqa-003-02,3,4ይ,ምክልኻልብኽለትከባቢኣየር,ብኽለት ከባቢ ኣየር ብምንታይ ንከላኸል?,ተኽልታት ብምትካል,unmatched,0.7,
tigqa-003-06,3,4ይ,ምክልኻልብኽለትከባቢኣየር,ተኽልታት ምግቢ እንተዳልዉ ካብ ከባቢ ኣየር እንታይ ይወስዱ?,ካርዶንዳይኦክሳይድ,fuzzy,0.727,ን ዳይ ኦክሳይድ
tigqa-003-10,3,4ይ,ምክልኻልብኽለትከባቢኣየር,ተኽልታት ምትካል እንታይ ይሕግዝ?,ካብ ብኽለት ነፃ ዝኾነ ከባቢኣየር,unmatched,0.471,
tigqa-003-11,3,4ይ,ምክልኻልብኽለትከባቢኣየር,ብኽለት ከባቢ ኣየር ብምንታይ ምቕናስ ይከኣል?,ንመካይንንምስራሕእንጥቀመሉመጠንነዳዲብምንካይ,fuzzy,0.852,ን ንምስራሕ እንጥቀመሉ መጠን ነዳዲ ብምንካይ
tigqa-003-16,3,4ይ,ምክልኻልብኽለትከባቢኣየር,ምጥቃም ኣማራፂ ሓይልታት እንታይ ይሕግዝ?,ብኽለት ከባቢ ኣየር ንምክልኻል,unmatched,0.625,
tigqa-003-18,3,4ይ,ምክልኻልብኽለትከባቢኣየር,ካብ ሓይሊ ማይ፣ ንፋስን ፀሓይን እንታይ ይርከብ?,ሓይሊ ኤሌክትሪክ,unmatched,0.444,
tigqa-003-19,3,4ይ,ምክልኻልብኽለትከባቢኣየር,ዓበይቲ ኢንዱስተሪታት ካብ ሓይሊ ማይ እንታይ ይረኽባ?,ሓይሊ ኤሌክትሪክ,unmatched,0.444,
tigqa-003-20,3,4ይ,ምክልኻልብኽለትከባቢኣየር,ጎዳእቲ ጋዛት ካብ እንታይ ይወፁ?,ካብ ኢንዳስትሪታት,unmatched,0.5,
tigqa-004-01,4,,ክንክንሃፍቲተፈጥሮ,ሰባት ዕለታዊ መነባብርኦም ንኽመርሑ ዘኽእሉዎም ወሰንቲ ፀጋታት እንታይይ እዮም?,ሃፍትታት ተፈጥሮ,unmatched,0.667,
tigqa-004-04,4,,ክንክንሃፍቲተፈጥሮ,ኣገደስቲ ሃፍቲታት ተፈጥሮ እንታይ እንታይ እዮም?,ዕፅዋት ሓመድን ማይን,unmatched,0.636,
tigqa-004-09,4,,ክንክንሃፍቲተፈጥሮ,ብርሰት ሃፍቲ ኣግራብ ንምክልኻል፣ ኣብ ምግቢንምብሳል እንታይ ኣማራፂ ንጥቀም?,ሓይሊ ኤሌክትሪክ,unmatched,0.444,
tigqa-004-12,4,,ክንክንሃፍቲተፈጥሮ,ዕፅዋት ብሰራውሮም ነቲ ሓመድ ብምሕቛፍ እንታይ የስዕቡ?,ሓመድ ተጓሕጒሑ ንከይኸይድ,unmatched,0.214,
tigqa-004-13,4,,ክንክንሃፍቲተፈጥሮ,ተፈጥሮኣዊ ድኹዒ ዝኾኑ እንታይን እንታይን እዮም?,ዝረገፉ ኣቑፅልቲን ጨናፍርን እንትብስብሱ,unmatched,0.682,
tigqa-004-18,4,,ክንክንሃፍቲተፈጥሮ,ኣብ ዓይነ ምድሪ ዝእከብ ፈሳሲ ጓሓፍ ናብ እንታይ ካብ ምፍሳስ ምዕቃብ የድልይ?,ማያዊ ኣካላት,unmatched,0.714,
tigqa-005-01,5,,ባህላዊመጓዓዝያ,ባህላዊ መጓዓዝያ እንታይ ዓይነት ሜላመራኸቢእዩ?,ሰባት ካብ ቦታ ናብ ቦታ ዝጓዓዝሉ,unmatched,0.688,
tigqa-005-05,5,,ባህላዊመጓዓዝያ,ባህላዊመጓዓዝያታት ብዙሕ ንብረት ኣብ ርእሲ ዘይምሽካሞም እንታይ ሽግር ኣለዎም?,ቀልጢፎም ይደኽሙ,unmatched,0.556,
tigqa-006-03,6,,ዘበናዊመጓዓዝያ,ዘበናዊ መጓዓዝያታትካብባህላዊመጓዓዝያ ብምንታይ ይፍለዩ?,ብምቕልጣፍን ብዙሕ ኣቑሑት ዝሽከሙን ምዃኖም,unmatched,0.261,
tigqa-006-16,6,,ዘበናዊመጓዓዝያ,መጓዓዝያኣየር ብምንተይ ዝግበር ጉዕዞ እዩ?,ብኣውሮፕላንንብሄሊኮፕተርን,unmatched,0.438,
tigqa-006-17,6,,ዘበናዊመጓዓዝያ,ካብኩሎምዓይነታትመጓዓዝያዝቀልጠፉ ኣየኖትእዮም?,ኣውሮፕላንንብሄሊኮፕተርን,unmatched,0.467,
tigqa-007-04,7,,ሓደጋትራፊክ,ንሕቶ ኮማንደር ጀማል መን መልሲ ሃበ?,ተመሃራይ,unmatched,0.6,
tigqa-007-06,7,,ሓደጋትራፊክ,ኣብ ክልልና ብሰንኪ ሓደጋ ትራፊክ ዘጋጠመ ዕንወት ክሳብ ክንደየናይ እዩ?,ተመሃሪት,unmatched,0.6,
tigqa-007-12,7,,ሓደጋትራፊክ,እታ ተምሃሪት እንታይ ኢላ ሓተተት?,ዘወርቲ ንኣጋራት ዝፈጥሩዎጌጋእዩ,unmatched,0.5,
tigqa-007-16,7,,ሓደጋትራፊክ,ብውርውራይመንገዲዘይምስጋር ናይ መን ጉድለት እዩ?,ተመሃራይ,unmatched,0.6,
tigqa-007-17,7,,ሓደጋትራፊክ,ሓደጋትራፊክከመይገይርናንከላኸሎ?,ሕግታት ትራፊክ ብምኽባር,fuzzy,0.846,ታት ትራፊክ ብምኽባር
tigqa-007-20,7,,ሓደጋትራፊክ,ብምንታይ ኢና ካብሓደጋክንዕቀብንኽእል?,ካብ ሓደጋ ትራፊክ,fuzzy,0.778,ሓደጋ ትራፊክ
tigqa-007-21,7,,ሓደጋትራፊክ,እንታይ ስለዝገበርኩሙለይ ኣዝየየመስግን እዮም ዝበሉ ኮማንደርጀማል?,,no_answer_chunk,0.0,
tigqa-007-22,7,,ሓደጋትራፊክ,ኣብፅርግያ ብዘይምፅዋት ካብእንተይክንዕቀብንኽእል?,,no_answer_chunk,0.0,
tigqa-008-06,8,,ምድግጋፍንሓባራዊረብሓ,“ከመይዝበልኪዓሻኢኺ” ዝበለት መን እያ?,ካሊእቲ ዒፍ,unmatched,0.5,
tigqa-008-07,8,,ምድግጋፍንሓባራዊረብሓ,“ንሳቶምቀቀሊሉእናሰርሑ” ክትብል ከላ ንሳቶም መን እዮም?,ከልብን እንጭዋን,unmatched,0.444,
tigqa-008-08,8,,ምድግጋፍንሓባራዊረብሓ,እታዒፍብዛዕባዝተነገራክትሓስብ ዝጀመረት መዓስ እዩ?,ድሕሪ ሒደት መዓልትታት,fuzzy,0.75,ድሕሪ ሒደት መዓል
tigqa-008-11,8,,ምድግጋፍንሓባራዊረብሓ,እንመን እዮም ዒፍብዝበለቶ ዝተሰማዕምዑ?,እንጭዋን ከልብን,unmatched,0.667,
tigqa-008-15,8,,ምድግጋፍንሓባራዊረብሓ,ከልቢእንታይ ክገብርረኸበቶ?,ዝገብሮ ጠፊእዎ ኮፍ ኢሉ,unmatched,0.5,
tigqa-010-11,10,,ጉድኣትኣካል,ምስመጉዳእቶምብዘይፃባእክመሃሩእንተተገይሩንእንተተሓጊዞምንእንታይክጭብጡይኽእሉ?,ዘድሊፍልጠትንክእለትን,unmatched,0.154,
tigqa-010-12,10,,ጉድኣትኣካል,እዞምወገናትከምኩሉመፍረያይኮይኖምእንታይይኽእሉ?,ንባዕሎምንንቤተሰቦምን,unmatched,0.231,
tigqa-010-13,10,,ጉድኣትኣካል,ዓርሶምካብምኽኣልብተወሳኺኣብእንታይብንጥፈትተዋሳእቲእዮም?,ኣብልምዓትሃገር,unmatched,0.333,
tigqa-010-14,10,,ጉድኣትኣካል,ብዘጋጠሞምመጉዳእቲከይተሰኮኑኣብምንታይተዋፊሮምውፅኢታዊስራሕይሰርሑኣለዉ?,ኣብኪነጥበብንካልኦትዓውዲታትን,unmatched,0.333,
tigqa-010-15,10,,ጉድኣትኣካል,ብምንታይከይተሰኮኑ እዮም ኣብኪነጥበብንካልኦትዓውዲታትንተዋፊሮምውፅኢታዊስራሕዝሰርሑዘለዉ?,ብዘጋጠሞምመጉዳእቲ,unmatched,0.455,
tigqa-011-04,11,,ምትእትታውስርዓተፆታ,ምትእትታውስርዓተፆታሕቶእንታይጥራሕኣይኮነን?,ፍትሓውነት,unmatched,0.5,
tigqa-011-05,11,,ምትእትታውስርዓተፆታ,ምትእትታው ስርዓተ ፆታ ዕብየት መን ንምርግጋፅ ዝበለፀን ውፅኢታዊን ሜላ እዩ?,ደቂ ሰባት,unmatched,0.6,
tigqa-012-09,12,,ስድራቤትህይወት,ዝተፈላለዩትካላትዝሕንፅፁዎምትልሚታትእንታይኣብግምትዘእተወክኸውንይግባእ?,ጉዳይ ስርዓተ ፆታ,unmatched,0.667,
tigqa-012-15,12,,ስድራቤትህይወት,ተስፋይ ንምንታይትምህርቲከቋርፅ ደለየ?,ግራት ክሓርስ,unmatched,0.571,
tigqa-012-29,12,,ስድራቤትህይወት,ሕጉስመነባብሮፍልፍሉምትሕልላይንስራሕተባዕታይንስራሕኣንስተይቲንከይበልካምስራሕንምዃኑተረድአት መን እያ?,ወይዘሮ ሂወት,unmatched,0.571,
tigqa-013-02,13,,ኪነህንፃኣብርሃወኣፅብሃ,ኣብርሃወኣፅብሃካብከተማውቕሮክንደይኪሎሜትርርሒቑይርከብ?,15 ኪ/ሜ,unmatched,0.6,
tigqa-013-07,13,,ኪነህንፃኣብርሃወኣፅብሃ,ስፍሓቱኣብርሃወኣፅብሃክንደይ ብኽንደይ ሜትርእዩ?,16 ብ13ሜ,unmatched,0.667,
tigqa-013-08,13,,ኪነህንፃኣብርሃወኣፅብሃ,ቁመትናሕሲ ኣብርሃወኣፅብሃክንደይሜትርይበፅሕ?,7ሜ,unmatched,0.5,
tigqa-013-10,13,,ኪነህንፃኣብርሃወኣፅብሃ,ኣብ ኣብርሃወኣፅብሃኣዝዩዘደምም እንታይእዩ?,ውሽጣዊገይፂታትንጥበብኣተሃናንፃን,fuzzy,0.95,ውሽጣዊ ገይፂታትን ጥበብ ኣተሃናንፃ
tigqa-013-12,13,,ኪነህንፃኣብርሃወኣፅብሃ,ስእልታት ኣብርሃወኣፅብሃ ኣብ መበል ክንደይ ክፍለ ዘመን ተሳኢሎም ይበሃል?,17 ክ/ዘ,unmatched,0.6,
tigqa-013-14,13,,ኪነህንፃኣብርሃወኣፅብሃ,ኣብቲህንፃኣብርሃወኣፅብሃእንታይ ሓድጊታት ኣለዉ?,ዓራትን መስቀላትን,unmatched,0.6,
tigqa-013-15,13,,ኪነህንፃኣብርሃወኣፅብሃ,ተመራመርቲ ኣብርሃወኣፅብሃዝተሃነፀሉኣበየናይ ክፍለ ዘመን እዩ ይብሉ?,4ይ ክ/ዘ,unmatched,0.4,
tigqa-014-02,14,,ውንታኣቦሓጎይ,ሚኪ ግርማይ እንታይ እዩ ክነግረና?,ሓደ መዓልቲ ዘጋጠሞ ነገር,unmatched,0.692,
tigqa-014-05,14,,ውንታኣቦሓጎይ,ሚኪ፣ ኩነታተይደስከምዘይበሎየፍልጥነበረ፣ ዝበሎ ንመን እዩ?,ንኣቦሓጎኡ,unmatched,0.667,
tigqa-014-07,14,,ውንታኣቦሓጎይ,ሚኪ “ጎይታይተፃወት” ዝበሎ ንመን እዩ?,ንሓቦሓጎኡ,unmatched,0.5,
tigqa-014-08,14,,ውንታኣቦሓጎይ,ኣቦ ሓጉኡ ንሚኪ ተጐምጒሞሙዎዝነበረኩታ እንታይ ገበሩዎ?,ኣውረድዎ,unmatched,0.4,
tigqa-014-09,14,,ውንታኣቦሓጎይ,ሚክ ብኣዘራርባ ኣቦ ሓጉኡ እንታይ ኮነ?,ደንጊፁ,fuzzy,0.75,ደንጊ
tigqa-014-12,14,,ውንታኣቦሓጎይ,” ኢሉ ዝሓተተ መን እዩ?,አባሓጎ ሚኪ,unmatched,0.333,
tigqa-014-13,14,,ውንታኣቦሓጎይ,ንውሱናትሰከንድታትኣብሓሳብ ጠሓለ ዝተባህለ መን እዩ?,መዘናግዕታት,unmatched,0.571,
tigqa-014-14,14,,ውንታኣቦሓጎይ,ጭዋዳናዘጠንክሩ፣ኣተሓሳስባናዘብልሑ፣ እተባህሉ እንታይ እዮም?,ብምንቅስቓስ,fuzzy,0.857,ምንቅስቓስ
tigqa-014-15,14,,ውንታኣቦሓጎይ,ቅልስንእዛእምባይመንይወርሳን ብመንታይ ዝፍፀሙ መዘናጊዕታት እዮም?,ገበጣ 'ሽታ ኣቀራቃር' ዲቦ' ነበረያነበረ፣ሕንቅልሕንቅሊተይን እንካኣዝግንን,unmatched,0.357,
tigqa-014-16,14,,ውንታኣቦሓጎይ,ብምሕሳብንብምምርማርንዝትግበሩ መዘናጊዒታት ኣየኖት እዮም?,ካብዞም ኣቦሓጎኡ ዝዘርዘሮምመዘናግዒታትሓደብዘይምፍላጡ,unmatched,0.677,
tigqa-014-17,14,,ውንታኣቦሓጎይ,ሚኪ ብምንታይ ሓፈረ?,ባህላዊ መዘናግዕታት,unmatched,0.364,
tigqa-014-18,14,,ውንታኣቦሓጎይ,ሚኪ እንታይ ኣይፈልጥን?,ኣብ መንጉኡን ኣብ ሞንጎ ኣቦሓጎኡን,unmatched,0.222,
tigqa-014-20,14,,ውንታኣቦሓጎይ,“እዚነገርኣብበይነይድዩኣብካልኦትመናእሰይ?,ኣተሓሳሲብዎ,unmatched,0.571,
tigqa-014-21,14,,ውንታኣቦሓጎይ,” ዝበለ መን እዩ?,,no_answer_chunk,0.0,
tigqa-014-22,14,,ውንታኣቦሓጎይ,ኣብ መንጎኦም ዘሎ ኣፈላላይ እንታይ ገይርዎ?,,no_answer_chunk,0.0,
tigqa-015-05,15,,ሃገራዊፓርክኣብትግራይ,ትግራይዝርከብሓዱሽፓርክእንታይ ይበሃል?,ቃፍታ ሽራሮ,unmatched,0.5,
tigqa-016-02,16,,ባህላዊስፖርት,ባህላዊ ፀወታታትዝትግበሩሉኩነታትንእንታይንይፈላለ?,ወቕትታትን,unmatched,0.5,
tigqa-016-15,16,,ባህላዊስፖርት,ቅልስኣብከመይ ዝበለምቹውቦታይካየድ?,ከውሒ,unmatched,0.667,
tigqa-016-16,16,,ባህላዊስፖርት,ባህላዊፀወታታትብዝበለፀክጠቕሙ ብምንታይ ክምርሑ ይግባእ?,ብሕገ ደምቢ,unmatched,0.333,
tigqa-017-20,17,,ረብሓስፖርት,ስፖርትጉዳይ መን እዩ?,ኩሉ ሕብረተሰብ,fuzzy,0.75,ሕብረተሰብ
tigqa-018-01,18,,ኢትዮጵያኣብመድረኽኦለምፒክ,ኦለምፒክ በብክንደይ ዓመት ይካየድ?,አርባዕተ ዓመት,fuzzy,0.875,ርባዕተ ዓመት
tigqa-018-07,18,,ኢትዮጵያኣብመድረኽኦለምፒክ,ኢትዮጰያኣብመድረኽኦለምፒክንፈለማእዋንኣብሜልቦርን መዓስ ተሳተፈት?,ብ1956 ኣ.ፈ,fuzzy,0.875,1956 ኣ.ፈ
tigqa-018-10,18,,ኢትዮጵያኣብመድረኽኦለምፒክ,ኣብከተማሮምብ1960 ኣ.ፈ. ኣብ ዝተኻየደኦለምፒክ፣ኢትዮጵያብመንመዳልያወርቂረኺባ?,ኣበበ በቂላ,unmatched,0.5,
tigqa-018-11,18,,ኢትዮጵያኣብመድረኽኦለምፒክ,ድሕሪ መን እዮም ካልኦትኢትዮጵያውያንኣብመድረኽኦለምፒክዓወትክዓትሩዝጀመሩ?,ኣበበ በቂላ,unmatched,0.5,
tigqa-018-13,18,,ኢትዮጵያኣብመድረኽኦለምፒክ,ኣብሞስኮሻምበልምሩፅይፍጠር እንታይ ረኸበ?,ክልተ ወርቂ ሜዳልያ,unmatched,0.6,
tigqa-019-03,19,,ጥቕሚማይ,ናብሰብነትዝኣቱማይንምንታይ የገልግል?,ምግቢ ንምሕቓቕ,unmatched,0.625,
tigqa-019-05,19,,ጥቕሚማይ,ማይ ኣብውሽጢሰብነትብዝተፈላለዩሜላታትዝፍጠርርስሓትብምጉዕዓዝብምንታይን ብምንታይን ይወፅእ?,ብርሃፅን ሽንትን,unmatched,0.556,
tigqa-019-08,19,,ጥቕሚማይ,ሓደሰብብማእኸላይበብመዓልቱክሳብክንደይብርጭቆማይክሰቲኣለዎ?,ሽድሽተ ብርጭቆ,fuzzy,0.75,ሽተ ብርጭቆ
tigqa-019-13,19,,ጥቕሚማይ,ማይ ዝተፈላለዩእንታይን እንታይንብመስኖንምልማዕየኽእል?,ፍረምረነ ቆፅላመፅልን,unmatched,0.417,
tigqa-019-19,19,,ጥቕሚማይ,ጥዕና ሰብ ክሕሎ ዝግበር ብምንታይ እዩ?,ናውቲ ምግቢ ብማይ ብምሕፃብ,unmatched,0.571,
tigqa-019-24,19,,ጥቕሚማይ,ማይ ብምንታይ ክትሓዝን ኣብ ግቡእ ጥቕሚ ክውዕልን ይግባእ?,ብክንክን,unmatched,0.6,
tigqa-020-02,20,,ብኽለት ማይ,ምስፅሩይማይዝተኣሳሰረ እንታይእዩ?,ህልውና ወድሰብ,unmatched,0.5,
tigqa-020-08,20,,ብኽለት ማይ,ማይብምንታይ ይብከል?,ብተፈጥሮን ሰብ ስራሕነ ፀገማት,unmatched,0.25,
tigqa-020-09,20,,ብኽለት ማይ,ካብ ከርሰ መሬት ብእሳተ ጎመራ ኣቢሎም ካብ ዝወፁ እንታይ እዩ ማይ ዝብከል?,መረዝቲ ጥረ ነገራት,unmatched,0.6,
tigqa-020-10,20,,ብኽለት ማይ,ካብ ከርሰ መሬት ብእሳተ ጎመራ ኣቢሎም ካብ ዝወፁ መረዝቲ ንጥረ ነገራት ማይ እንታይ ይኸውን?,ይምረዝ,unmatched,0.5,
tigqa-020-18,20,,ብኽለት ማይ,ዝተበከለማያዊኣካልኣብቲቃላይወይባሕሪዝነብሩፍጥረታትእንታይ ይገብር?,ይጎድእ,unmatched,0.25,
tigqa-021-03,21,,ክንክን ዝስተ ማይ,ወይዘሪትዘውዲዘድልዩዋናውቲኣብእንታያ ትሕዝ?,ኣብ ቦርሰኣ,unmatched,0.667,
tigqa-021-10,21,,ክንክን ዝስተ ማይ,ዘውዲ፣ ደሓን እየ ምስበለት፣ ኣይተ ወልዳይ እንታይ በሉዋ?,ሂወት እዩ,fuzzy,0.8,ወት እዩ
tigqa-021-19,21,,ክንክን ዝስተ ማይ,ወይዘሪትዘውዲ“ክባርእኮኣይኮነን።” ዝበለቶ ነየናይ እዩ?,ብእንሰሳት ማይ ከይበላሸው,unmatched,0.357,
tigqa-021-21,21,,ክንክን ዝስተ ማይ,ዒላታትንዓይኒማያትንብእንስሳትኮነብሰብከይበላሸዉእንታይ ይግበሩ?,,no_answer_chunk,0.0,
tigqa-021-22,21,,ክንክን ዝስተ ማይ,እንስሳት ዝሰትያሉ ቦታ ንበይኑ ምግባርእንታይ ይጠቅም?,,no_answer_chunk,0.0,
tigqa-021-23,21,,ክንክን ዝስተ ማይ,ሳልሳይሜላ ምፅራይ ማይ እንታይእዩ?,,no_answer_chunk,0.0,
tigqa-022-01,22,,ሸማቶ,ኣብ ንጥፈታት ንግዲ መን መን ንኽህልዉ ግድን እዩ?,ንግድን ነጋዶን,unmatched,0.5,
tigqa-022-02,22,,ሸማቶ,ሸማቶ እንታይ እዮም?,ኣቑሑ ዝዕድጉ ሰባት,fuzzy,0.8,ሑ ዝዕድጉ ሰባት
tigqa-022-10,22,,ሸማቶ,ሸማቶ ዝዓደጉዎምኣቚሑእንታይ እንተሃሊዩዎም እዩኣብከባቢኦምንዝርከቡቢሮንግድንኢንዱስቱሪንከፍልጡይግባእ ዝበሃል?,ጉድለት,fuzzy,0.75,ጉድለ
tigqa-022-13,22,,ሸማቶ,ሸማቶ ኣቚሑምስዓደጉእንታይ ክሕዙኣለዎም?,ኣጠቓቕማኦምዝሕብሩኣድለይቲ መግለፅታት,fuzzy,0.864,ኣጠቓቕማኦም ዝሕብሩ ኣድለይቲ መግለ
tigqa-022-15,22,,ሸማቶ,ዝዕደጉ ኣቑሑት እንታይ ኣለዎም?,ኣጠቓቕመኦም ዝገልፁ መግለፅታት,unmatched,0.235,
tigqa-023-02,23,,ዋጋዕዳጋ,ዋጋዕዳጋ እንታይ እዩ?,ዓዳግን ሸያጥን ዋጋ ንምቅርራብ ወይ ድማ ሓሳብ ንሓሳብ ዝለዋወጡሉ,unmatched,0.333,
tigqa-023-03,23,,ዋጋዕዳጋ,ዋጋዕዳጋ ዝገብሩ ዘለዉ መንን መንን እዮም?,ዓዳግን ሸያጥን,unmatched,0.375,
tigqa-023-04,23,,ዋጋዕዳጋ,ኣብቲ ዕዳጋ ክንደይ ሰባት ኣለዉ?,ሸያጢ ጠስምን መዓርን,unmatched,0.364,
tigqa-023-05,23,,ዋጋዕዳጋ,ኣብ መንጎ መንን መንን ዋጋ ዕዳጋ ተገይሩ,ከመይ ሓዲርኪ ዝሓፍተይ,unmatched,0.583,
tigqa-023-08,23,,ዋጋዕዳጋ,” ዝበለ መን እዩ?,ቀይሕነ ፃዕዳን,unmatched,0.375,
tigqa-023-12,23,,ዋጋዕዳጋ,ዓዳጊ ክንደይ ኪሎ መዓር እዩ ደልዩ?,70 ቅርሺ,fuzzy,0.8,0 ቅርሺ
tigqa-023-20,23,,ዋጋዕዳጋ,ዓዳጊ ሓሙሽተ ኪሎ እንታይ እዩ ዓዲጉ?,,no_answer_chunk,0.0,
tigqa-023-21,23,,ዋጋዕዳጋ,ዓዳጊ ክንደይ ኪሎ ጠስሚ እዩ ገዚኡ?,,no_answer_chunk,0.0,
tigqa-024-06,24,,መራኸብቲ ሓፋሽ ኣብ ትግራይ,ብቢሮ ርክብ ህዝቢን መንግስቲን እትዳሎ መንግስታዊ ጋዜጣ መን እያ?,ጋዜጣ መቃልሕ,unmatched,0.571,
tigqa-024-07,24,,መራኸብቲ ሓፋሽ ኣብ ትግራይ,ጋዜጣ መቓልሕ ብመን እትዳሎ መንግስታዊ ጋዜጣ መን እያ?,ብቢሮ ርክብ ህዝቢን መንግስትን ትግራይ,unmatched,0.7,
tigqa-024-10,24,,መራኸብቲ ሓፋሽ ኣብ ትግራይ,“ሓሪና” እትበሃል መፅሄት ብመን እያ ትሰናዳእ?,ብማሕበር ደቂ ኣንስትዮ,fuzzy,0.75,ማሕበር ደቂ ኣንስ
tigqa-024-13,24,,መራኸብቲ ሓፋሽ ኣብ ትግራይ,ናይ ፈነወ ትምህርቲ ብራድዮ ማእኸል መን እዮም?,ተመሃሮ,unmatched,0.5,
tigqa-024-14,24,,መራኸብቲ ሓፋሽ ኣብ ትግራይ,ካብ መላእ ክልልን ሃገርን ሓሊፉ ኣብ ጎረባብቲ ሃገራት እውን ተሰማዒነት ዘለዎ ራድዮ ኣየናይ እዩ?,ድምፂ መያነ ትግራይ,unmatched,0.6,
tigqa-024-15,24,,መራኸብቲ ሓፋሽ ኣብ ትግራይ,ምስሊን ድምፂን ኣዋዲዱ ዘመሓላልፍ ቴለቭዥን ኣየናይ እዩ?,ቴሌቪዥን ትግራይ,unmatched,0.667,
tigqa-025-01,25,,ደብዳበ,እዚ ደብዳበ ናብ መን እዩ ተፃሒፉ?,ናብ ወላዲት,unmatched,0.5,
tigqa-025-06,25,,ደብዳበ,ፀሓፋይ “ኪዳነይ!” ዝብላ ንመን እዩ?,ንወላዲቱ,unmatched,0.6,
tigqa-025-07,25,,ደብዳበ,ንፀሓፋይ ኣብ ኣዲስ ኣበባ መን ረኺቡዎ?,ወዲ ኣያይ ያሲን,unmatched,0.5,
tigqa-025-12,25,,ደብዳበ,እግረ መንገዱ፣ ፀጋይ ናበይ ከደ?,ሓዉ ናብ ዝመሃረሉ ዩኒቨርሲቲ,fuzzy,0.733,ናብ ዝመሃረሉ ዩኒቨር
tigqa-025-14,25,,ደብዳበ,ፀጋይ፣ ንመንን ንመንን እዩ ሰላም ኢሉኩም በልለይ ዝበለ?,ንጎረባብቱን ንመሓዙቱን,unmatched,0.308,
tigqa-026-02,26,,ዋሕታ,ዋሕታ ኣብ ከክንደይ ሰሙን ትሕተም?,በብክልተ ሰሙን,unmatched,0.625,
tigqa-026-06,26,,ዋሕታ,“ጠመተ” ዝብል ዓምዲ እንታይ የተሓሳስብ?,ኣብ ቤት ትምህርቲ ዝረኣዩ ጉድለታት ብምንፃር መፍትሒ ንኽግበረሎም,fuzzy,0.941,ቤት ትምህርቲ ዝረኣዩ ጉድለታት ብምንፃር መፍትሒ ንኽግበረሎም
tigqa-026-09,26,,ዋሕታ,ፍልጠታት ተፈጥሮን ሕብረተሰብ ሳይንስን ኣበየናይ ዓምዲ ይቐርቡ?,ኣብ ሓፈሻዊ ፍልጠት,fuzzy,0.8,ሓፈሻዊ ፍልጠት
tigqa-026-10,26,,ዋሕታ,ብድምር ውፅኢት መልሶም ዝሰዓሩ ተምሃሮ እንታይ ይሽለሙ?,መፅሓፍቲ,unmatched,0.4,
tigqa-026-12,26,,ዋሕታ,ጉዳያት ባህሊን ቋንቋን ኣበየናይ ዓምዲ እዮም ዝቐርቡ?,ኣብ ትሕቲ ቋንቋን ስነፅሑፍን,unmatched,0.667,
tigqa-026-13,26,,ዋሕታ,ቐንዲ ዕላማ ዓምዲ ጋሻና እንታይ እዩ?,ተሞክሮ ንምሃብ ዝዓለመ,fuzzy,0.75,ሮ ንምሃብ ዝዓለመ
tigqa-027-05,27,,ፍቕሪ ሃገር,ፍቕሪሃገርዘለዎዜጋምስከምኡዝበሉዜጋታትተሓባቢሩ እንታይ ይገብር?,ኣብ ሃገሩ ዝረኣዩ ፀገማት,unmatched,0.538,
tigqa-028-07,28,,ቀሺ ገብሩ,ሙሉ መዓስ እያ ናብ ቃልሲ ዝተፀምበረት?,ብ1974 ዓ/ም,fuzzy,0.75,ብ1974 ዓ
tigqa-028-12,28,,ቀሺ ገብሩ,ሙሉ ብ1978 ዓ.ም. ኣብ እንታይ ተሳተፈት?,ኣብ ወፍሪ ኣግአዚ,fuzzy,0.778,ኣብ ወፍሪ ኣግ
tigqa-028-14,28,,ቀሺ ገብሩ,ሙሉ መዓስ እግራ ተወቕዐት?,ብ1979 ዓ/ም,fuzzy,0.75,ብ1979 ዓ
tigqa-028-16,28,,ቀሺ ገብሩ,ተጋዳሊት ሙሉ ናብ “ሜይደይ” መዓስ ተመደበት?,ብ1981 ዓ/ም,fuzzy,0.75,ብ1981 ዓ
tigqa-028-17,28,,ቀሺ ገብሩ,ሙሉ ኣብ ትሕቲ ረጅመንት መራሒት እንታይ ኮይና ተዋጊኣ ኣዋጊኣ?,ሓይሊ 13,unmatched,0.6,
tigqa-028-18,28,,ቀሺ ገብሩ,ሙሉ መዓስ እያ ኣብ ኢድ ፀላኢ ዝወደቐት?,ብ27 ጥሪ 1982 ዓ/ም,fuzzy,0.833,ብ27 ጥሪ 1982 ዓ
tigqa-029-02,29,,ጥዕናዊ ፀገም ዘየምከኖ ሕልሚ,መምህር ትበርህ ክንደይ ዓ.ም. ተወሊደን?,ብ1934 ዓ/ም,fuzzy,0.75,ብ1934 ዓ
tigqa-029-03,29,,ጥዕናዊ ፀገም ዘየምከኖ ሕልሚ,መምህር ትበርህ ወልደገብርኤል ትምህርቲ ክጅምራ ከለዋ፣ ኣብ ክፍለን ክንደይ ተመሃሮ ነበሩ?,15 ተመሃሮ,unmatched,0.5,
tigqa-030-10,30,5ይ,ኣቦይ ስብሃቱ,ፅገወይኒ ኣቦይ ስብሃቱ እንትመፁ እንታይ ተቕርበሎም?,ብዙሕ ሕቶታት,unmatched,0.571,
tigqa-030-20,30,5ይ,ኣቦይ ስብሃቱ,እግሮም ብምንታይ ኣሊኾምዎ?,ብማይ,unmatched,0.667,
tigqa-030-25,30,5ይ,ኣቦይ ስብሃቱ,ኣብ ክረምቲ እንታይ ዓይነት ሰላምታ ይቐርብ?,ከመይ ከሪምኽን,fuzzy,0.75,ከመይ ከሪም
tigqa-031-03,31,,ብኢዱን ፍርዱን,ዕድሚኦም ክንደይ እዩ?,ካብ ሰላሳታት ዘይሓልፍ,fuzzy,0.917,ካብሰ ላሳታት ዘይሓል
tigqa-031-09,31,,ብኢዱን ፍርዱን,ጎይትኦም ብተግባራት መን ይሓርቕ ነይሩ?,ብብኢዱን ፍርዱን,fuzzy,0.889,ብኢዱን ፍርዱን
tigqa-031-10,31,,ብኢዱን ፍርዱን,ከዘራርቦም ናበይ ከደ?,ናብ ዝውዕልሉ,unmatched,0.714,
tigqa-031-12,31,,ብኢዱን ፍርዱን,ብኢዱን ፍርጉን ኸመይ ይዘራረቡ ነይሮም?,ብነደሪ,unmatched,0.5,
tigqa-031-13,31,,ብኢዱን ፍርዱን,እቲ ጠላም ንመን ዝጠለመ እዩ?,ንማሕዝኡ,unmatched,0.4,
tigqa-031-15,31,,ብኢዱን ፍርዱን,ፀጊሙና ጨርቀምቀም ኢልና ዝበለ መን እዩ?,ብፍርዱ,fuzzy,0.75,ፍርዱ
tigqa-032-04,32,,ፅልዋ መሓዛ,ደቂ ክፍላ እንትፃወቱ እንታይ ትገብር ነይራ?,ኮፍ ትብል,unmatched,0.6,
tigqa-032-08,32,,ፅልዋ መሓዛ,መሓዛ ራህዋ እንታይ ዓይነት ባህሪ ነይርዋ?,ገታር ባህሪ,fuzzy,0.833,ገታር ባህ
tigqa-032-15,32,,ፅልዋ መሓዛ,ኣስኳል እንታይ ዝብል ቅዋም ነይርዋ?,ተምሃራይ ዝኽእሎን ዝደልዮን ክገብር ኣለዎ ዝብል,fuzzy,0.88,ተምሃራይ ዝኽእሎን ዝደልዮን ክገብር ኣለዎ
tigqa-032-18,32,,ፅልዋ መሓዛ,ራህዋ ድሕሪኡ እንታይ ኮነት?,ሕፍረት ቀስ ብቐስ ከተጥፍኦ ጀሚራ,unmatched,0.588,
tigqa-032-19,32,,ፅልዋ መሓዛ,ብመምህራና ዝወሃባ ሕቶታት እንታይ ምግባር ጀሚራ?,ቀዲምካ ምምላስ,unmatched,0.5,
tigqa-032-21,32,,ፅልዋ መሓዛ,መምህራን ንምንታይ ተሓጓሶም?,ለውጢ ስለዘምፀአት,unmatched,0.3,
tigqa-032-24,32,,ፅልዋ መሓዛ,ናይ ኣስኳል ፅልዋ ባህሪ መን ቐይሩ?,ባህሪ ራህዋ,unmatched,0.5,
tigqa-032-25,32,,ፅልዋ መሓዛ,ድፍረትን ንጥፈትን ኣስኳል እንታይ ንክተውፅእ ኣተባቢዕዋ?,ኣብ ውሽጣ ዝነበረ ዓቕሚ,unmatched,0.583,
tigqa-032-27,32,,ፅልዋ መሓዛ,ራህዋ ንባዕላ ብመንን መንን ተማሂራ?,ብኤደንን ኣስኳልን,unmatched,0.5,
tigqa-032-28,32,,ፅልዋ መሓዛ,ሰነፍ መሓዛ ንንፉዕ ከም ዘስንፎ ንፉዕ ድማ ንሰነፍ እንታይ ይገብሮ?,የንፍዖ,fuzzy,0.75,ንፍዖ
tigqa-032-29,32,,ፅልዋ መሓዛ,ራህዋ እንታይ ምግባር ጀሚራ?,ንዝሓፍሩ መሓዙታ ምምኻር,unmatched,0.308,
tigqa-032-30,32,,ፅልዋ መሓዛ,ራህዋ ንመንን መንን ፅልያቶም?,ንገብረን ዘምዘምን,fuzzy,0.9,ገብረን ዘምዘምን
tigqa-033-02,33,,ብኽለት ማይ,ጥቕሚ ማይ እንታይ እዩ?,ህይወታውያ ንኽነብሩ,unmatched,0.636,
tigqa-033-07,33,,ብኽለት ማይ,ብኽለት ማይ ብምንታይ ይመፅእ?,ብርስሓት,fuzzy,0.8,ርስሓት
tigqa-033-10,33,,ብኽለት ማይ,ማይ እንትብከል መንን መንን ንሞት ይቃልዑ?,ሰብን እንስሳትን,fuzzy,0.778,ሰብን እንስሳ
tigqa-033-13,33,,ብኽለት ማይ,ብዙሕ ስራሕቲ ዘሳለጠ ማይ ርስሓት ካበይ ክእከብ ይኽእል?,ካብ ፋብሪካታት,fuzzy,0.75,ፋብሪካታት
tigqa-033-15,33,,ብኽለት ማይ,መፋጥርቲ እቲ ማይ ዘይኮኑ ነቲ ማይ እንታይ ይገብርዎ?,ይብክልዎ,unmatched,0.6,
tigqa-033-17,33,,ብኽለት ማይ,ሰባት ንዝፍጠር ርስሓት ማይ ንምፅራይ ማይ ዝጥቀሙ ኣበይ እዩ?,ኣበ ገዛውቶምን ኣብ ትካላቶምን,unmatched,0.625,
tigqa-033-19,33,,ብኽለት ማይ,ማይ እንትብከል ንመን ይጎድእ?,ተኽልታትነ ፍጡራትን,unmatched,0.455,
tigqa-033-21,33,,ብኽለት ማይ,ማይ ብቐዳምነት እንታይ ይብክሎ?,ጎሓፋት,fuzzy,0.75,ሓፋት
tigqa-033-24,33,,ብኽለት ማይ,እንታይ እንትምርት እዩ ብኽለት ማይ ዘስዕብ?,ማይ ዝሓልፈሎም ትቦታት እንትምርቱ,unmatched,0.5,
tigqa-033-25,33,,ብኽለት ማይ,ውሕጅ ዝእክቦ ርስሓት ማይ ዝብከል ብኸመይ እዩ?,ብሰንኪ ሓያል ዝናብ ዝመፅእ ጎሓፍ,fuzzy,0.824,ብሰንኪ ሓያል ዝናብ ዝመፅእ
tigqa-034-01,34,,ጐሓፍ,ካብ ገዛና እንሰርሐሉ ቦታን ፋብሪካታትን ዝድርበይ እንታይ እዩ?,ጎሓፍ,unmatched,0.667,
tigqa-034-04,34,,ጐሓፍ,ብጥንቃቐ ክእለይ ዘለዎ እንታይ እዩ?,ዝኾነ ዓይነት ጎሓፍ,unmatched,0.7,
tigqa-034-05,34,,ጐሓፍ,ጥንቃቐ እንትውሕድ እንታይ የስዕብ?,ኣባናን ኣብ ከባቢናን ጉድኣት,unmatched,0.533,
tigqa-034-06,34,,ጐሓፍ,ሰባት እንታይ ንፎቱ?,ንባዕልናን ንገዛናን ምፅራይ,unmatched,0.6,
tigqa-034-10,34,,ጐሓፍ,ጓሓፍ ኣብ ዝድርበዩ ከባብታት እንታይ ይፍጠሩ?,ሕማም ዘመሓላልፉ ህዋሳት,unmatched,0.462,
tigqa-034-11,34,,ጐሓፍ,ኣብ እንሰርሐሎም ከባብታት እንታይ ይፍጠሩ?,ብዙሓይ ዘየድልዩ ነገራት,unmatched,0.692,
tigqa-034-12,34,,ጐሓፍ,ካብ ስራሕና ብዘይምግዳስ እንታይ ንድርቢይ?,ጉሓፍ,unmatched,0.667,
tigqa-034-15,34,,ጐሓፍ,ናብራና ዝድግፍ እንታይ እዩ?,ምህርቲ ምፍራይ,unmatched,0.5,
tigqa-034-16,34,,ጐሓፍ,ፋብሪካታት ምህርቲ ንምፍራይ እንታይ ይጥቀሙ?,ጥረ ኣቑሑ,unmatched,0.6,
tigqa-034-20,34,,ጐሓፍ,ካብምትሓትግንዛበንጥንቃቐንኣተኣላልያጐሓፍዝመፅእ እንታይ እዩ?,ሕማም,unmatched,0.667,
tigqa-034-23,34,,ጐሓፍ,ከባቢና ብምንታይ ይበላሾ?,ብጎሓፍ,unmatched,0.5,
tigqa-034-24,34,,ጐሓፍ,ብሰንኪ ጓሓፍ እንታይ ይለዓሉ?,ጎዳእቲ ሕማማት,fuzzy,0.875,ዳእቲ ሕማማት
tigqa-034-25,34,,ጐሓፍ,ጥዑያት ንክንኸውን እንታይ ክንገብር ኣለና?,ፅሬትና ንሓሉ,unmatched,0.286,
tigqa-035-03,35,,ክንክን ኣግራብ,እንሰርሖ ስራሕ ምስ መን ክፃባእ ኣይግበኦን?,ምስ ሓለዋ ከባቢ,fuzzy,0.75,ሓለዋ ከባቢ
tigqa-035-16,35,,ክንክን ኣግራብ,እቲ ካልኣይ ፅዕንቶ እንታይ እዩ?,ምንካይ ልሙዕ ሓመድ,unmatched,0.7,
tigqa-035-20,35,,ክንክን ኣግራብ,ሕፅረት ምግቢ ብምንታይ ይመፅእ?,ልሙዕ ሓመድ እንትብሕጎግ,unmatched,0.462,
tigqa-035-22,35,,ክንክን ኣግራብ,ከባብያዊ ፀገማት እንታይ እዮም?,ምቑራፅ ኣግራብ,unmatched,0.5,
tigqa-035-24,35,,ክንክን ኣግራብ,ንውልቃዊ ጠለብና ኣግራብ እንትንቆርፅ እንታይ ክንገብር ይግበአና?,ኣብ ዚሕና መተካእተኦም ክንተክል,unmatched,0.529,
tigqa-036-12,36,,ልምድታትን ኣተገባብረኦምን,እቲ ዋሕስ እንታይ ተባሂሉ ይሕተት?,ትወሓሶ ዶ,fuzzy,0.8,ትወሓሶ
tigqa-036-16,36,,ልምድታትን ኣተገባብረኦምን,ምግብን መስተን በብምንታዩ ይስነዩ?,በቢመኣዱ,unmatched,0.6,
tigqa-036-22,36,,ልምድታትን ኣተገባብረኦምን,ንሕዙናት ጎረባብትን ፈተውትን እናተመላለሱ እንታይ ይብልዎም?,ይእብድዎም,unmatched,0.5,
tigqa-036-25,36,,ልምድታትን ኣተገባብረኦምን,ምግብን መስተን ሒዝካ ምኻድ ነቶም ሕዙናት እንታይ ይገብሮም?,ሓዘኖም ረሲዖም ናብ ስርሖም ንክምለሱ,unmatched,0.368,
tigqa-036-29,36,,ልምድታትን ኣተገባብረኦምን,እናተላፈኑ ዝተሓጋገዙ ሰባትብምንታይ ተረባሕቲ እዮም?,ብኣጠቓቕማ ጊዜኦምን ብውፀኢት ስራሕቶምን,unmatched,0.364,
tigqa-037-04,37,,እንተዝዕቀቡ,ሕ/ሰብና ካብ ዝትግብሮም ልምድታት እንታይ እንታይ እዮም?,ዕቁብን እድርን,unmatched,0.5,
tigqa-037-11,37,,እንተዝዕቀቡ,ዕቁብ ከከም ዝምስርቱዎ ኣባላት ናይ ምንታይ ምንታይ ይበሃል?,ናይ ነጋዶ'ሰራሕተኛታትን ነበርቲ ከባብን,unmatched,0.545,
tigqa-037-12,37,,እንተዝዕቀቡ,ሰባት ኣብ ዝምጥኖም ዓይነት ዕቁብ ብድልየቶም ብምንታይ ይሳተፉ?,ብድሌቶም,unmatched,0.4,
tigqa-037-13,37,,እንተዝዕቀቡ,ዕቁብ ንምንታይ ይጠቅም?,ቁጠበኦም ከዕብዩ,unmatched,0.667,
tigqa-037-15,37,,እንተዝዕቀቡ,ኣባላት ዕቁብ ብምንታይ ይርብሕሉ?,ገንዘብ ብምውሳድ,unmatched,0.556,
tigqa-037-17,37,,እንተዝዕቀቡ,እድር ብምንታይ ይምራሕ?,ብምተሓዳደሪ ደንቢ,unmatched,0.5,
tigqa-037-19,37,,እንተዝዕቀቡ,ኣባላት እድር ዝርብሕሉ ብምንታይ እዩ?,ፀገማቶም ብምትሕብባር ምፍታሕ,unmatched,0.562,
tigqa-037-20,37,,እንተዝዕቀቡ,እድርሰባትኣብሓጐሶምንኣብሓዘኖምን ንምንታይ ይምስርትዎ?,ንክተሓጋገዙ,unmatched,0.714,
tigqa-037-22,37,,እንተዝዕቀቡ,ብኽፍሊት ዝርከብ ገንዘብ ንምንታይ ይውዕል?,ብሓጎስን ሓዘንን ኣብ ዝፍጠሩ ኣጋጣምታት,unmatched,0.429,
tigqa-037-23,37,,እንተዝዕቀቡ,ኣብ ወድ ሰብ ዘየቋርፁ ፍፃመታት እንታይ እዮም?,ሓጎስን ሓዘንን,fuzzy,0.75,ስን ሓዘንን
tigqa-037-24,37,,እንተዝዕቀቡ,ሓጎስን ሓዘንን ክሳብ ዝሓልፉ እንታይ ይፈታተኑ?,ቁጠባዊ ዓቕሚ ሰባት,fuzzy,0.9,ጠባዊ ዓቕሚ ሰባት
tigqa-037-31,37,,እንተዝዕቀቡ,ሕብረተሰብና ንነዊሕ እዋን ዝደጋግሞም ጠቐምቲ ልምድታት እንታይ እዮም?,ዕቁብ እድርን ምጥይያቕን,fuzzy,0.769,እድርን ምጥይያቕን
tigqa-037-32,37,,እንተዝዕቀቡ,ልምድታት እንታይ እንታይ ንምምስራት ይጠቕሙ?,ምትሕግጋዝን ንምጥንኻር ምሕዝነትን,unmatched,0.579,
tigqa-037-33,37,,እንተዝዕቀቡ,ጥቕሞም ብዙሕ ብምዃኑ እንታይ ክግበሩ ይግበኦም?,ክቕፅሉን ክዕቀቡን,unmatched,0.5,
tigqa-038-01,38,,እምቢ ንበሎም,ጎዳእቲ ልምድታት እንታይ እንታይ እዮም?,ምግርናብ ምውቃጥ ምሕጓም ምኽንሻብ,unmatched,0.278,
tigqa-038-04,38,,እምቢ ንበሎም,ጎዳእቲ ልምድታት ዝትግብሩሎም ምስ መን ዝተተሓሓዙ ምኽንያታት ኣለዎም?,ምስ ውለቀ ሰባት,unmatched,0.5,
tigqa-038-05,38,,እምቢ ንበሎም,ጎዳእቲ ልምድታት እንታይ ክንብሎም ይግባእ?,እምቢ ክንብሎም,unmatched,0.25,
tigqa-038-06,38,,እምቢ ንበሎም,ምግርናብ እንታይ እዩ?,ጎዳኢ ልምዲ,fuzzy,0.833,ዳኢ ልምዲ
tigqa-038-08,38,,እምቢ ንበሎም,ምግርናብ ብምንታይ ይትግበር?,ብላማ ወይ ብበሊሕ ነገር,unmatched,0.5,
tigqa-038-14,38,,እምቢ ንበሎም,ንመፀለሚ እንታይ ይጥቀሙ?,ኣብ መጎጎ ዝርከብ ፀለሎ,unmatched,0.5,
tigqa-038-15,38,,እምቢ ንበሎም,ዝድለ ፅልሚ ክሳብ ዝሕዝ እንታይ ይግበር?,ምውቃጥ ይቕፅልሉ,unmatched,0.556,
tigqa-038-25,38,,እምቢ ንበሎም,ኣንስተይቲ እንታያ ትኽንሸብ?,ብልዕታ,fuzzy,0.75,ብልዕ
tigqa-038-26,38,,እምቢ ንበሎም,ራብዓይ ጎዳኢ ልምዲ እንታይ እዩ?,ልዕል ዓቕሚ ምድጋስ,unmatched,0.7,
tigqa-038-27,38,,እምቢ ንበሎም,ሰባት ኣበይ ኣበይ ኣመኽንዮም ይድግሱ?,ኣብ መርዓ ፀበል ተዝካር,unmatched,0.417,
tigqa-038-29,38,,እምቢ ንበሎም,ልዕሊ ዓቐን ምድጋስ እንታይ የስዕብ?,ቁጠባዊ ዓቕሚ ምድኻም,unmatched,0.545,
tigqa-039-01,39,,ብሽክሌታታት ኣብ መንገዲ,ተሽከርከርቲ ብምንታይ ይንቀሳቐሳ?,ብዝትፈላለየ ጉልበት,fuzzy,0.727,ፈላለየ ጉልበት
tigqa-039-07,39,,ብሽክሌታታት ኣብ መንገዲ,መንን መንን ክዝውርወን ይደልዩ?,ቆልዑን ዓበይትን,unmatched,0.333,
tigqa-039-09,39,,ብሽክሌታታት ኣብ መንገዲ,ሓደጋታት ትራፊክ ኣብ ምንታይ ጉድኣት የብፅሕ?,ኣብ ንብረት,unmatched,0.5,
tigqa-039-12,39,,ብሽክሌታታት ኣብ መንገዲ,ቀዲሞም እንታይ ይሓቱ?,ብዛዕባ ኣጠቓቕማ መንገድታት,unmatched,0.533,
tigqa-039-14,39,,ብሽክሌታታት ኣብ መንገዲ,ሓደጋታት ትራፊክ ከመይ ይሕለው?,ብምምሃርን ብምንባብን,unmatched,0.417,
tigqa-039-15,39,,ብሽክሌታታት ኣብ መንገዲ,ኣጠቓቕማ ሓደጋ ትራፊክ ከመይ ንመሃር?,ብተግባር ንባዕሎምን ንብረቶምን ካብ ሓደጋታት ይሕልዉ,unmatched,0.643,
tigqa-039-16,39,,ብሽክሌታታት ኣብ መንገዲ,ጥንቁቓት ዘወርቲ ብሽክሌታታት ዘይተሓሰቡ ሓደጋታት ንኸየጋጥሙዎም እንታይ ይገብር?,ይቆፃፀር,fuzzy,0.8,ይቆፃፀ
tigqa-039-18,39,,ብሽክሌታታት ኣብ መንገዲ,ድሕንነት ብሽክሌታ ንምርግጋፅ እንታይ ይግበር?,ቅድሚ ጉዕዞ ምጅማሮም ይፍትሽወን,fuzzy,0.824,ቅድሚ ጉዕዞ ምጅማሮም ይፍት
tigqa-039-20,39,,ብሽክሌታታት ኣብ መንገዲ,ድሕንነት ኣካል ብሽክሌታ እንታይ እዮም?,ጎማን ፍሬንን,unmatched,0.429,
tigqa-039-21,39,,ብሽክሌታታት ኣብ መንገዲ,ጥንቁቓት ተጠቀምቲ ብሽክሌታ እንታይ የተግብሩ?,ሕግታተ ትራፊክ,unmatched,0.5,
tigqa-039-23,39,,ብሽክሌታታት ኣብ መንገዲ,ህድእ ኢሉ ዝኸድ እንታይ ይኾን?,ኣብ ዝሓሰቦ ይበፅሕ,unmatched,0.6,
tigqa-039-24,39,,ብሽክሌታታት ኣብ መንገዲ,ጥንቁቓት ብሽክሌተኛታት እንታይ ኣይብሉን?,ብድሕረይ ዳንዴር ኣይትብቆል,fuzzy,0.867,ብድሕረይ ዳንዴር ኣይትብ
tigqa-039-26,39,,ብሽክሌታታት ኣብ መንገዲ,ብተወሳኺ እንታይ የኽብሩ?,ዝተፈላለዩ ምልክታት ትይራፊክ,fuzzy,0.75,ዝተፈላለዩ ምልክታት ት
tigqa-039-28,39,,ብሽክሌታታት ኣብ መንገዲ,ድሕንነት ብሽክሌት ንምሕላው እንታይ ይገብሩ?,ድሕንነት ዝጥቀምሎም መንገድታት ይሕልዉ,unmatched,0.381,
tigqa-039-29,39,,ብሽክሌታታት ኣብ መንገዲ,ምልክታት ትራፊክ ንምንታይ ይጠቕሙ?,ካብ ሓደጋ ትራፊክ ነፃ ንምግባር,unmatched,0.375,
tigqa-039-30,39,,ብሽክሌታታት ኣብ መንገዲ,ምልክታት ትራፊክ እንታይ ይሕግዙ?,መልእኽቲ ትራፊክ የመሓላልፉ,unmatched,0.267,
tigqa-040-03,40,,መርኣያ ተግባር,ጡረታ ምስወፁ እንታይ የብሎም?,ደሞዝ,unmatched,0.333,
tigqa-040-05,40,,መርኣያ ተግባር,ኣቦት ጠዓመ ንተመሃሮ እንታይ ይገብርዎም?,ብዛዕባ ሓደጋ ትራፊክ የምህርዎም,unmatched,0.235,
tigqa-040-06,40,,መርኣያ ተግባር,ተመሃሮ ንኣቦይ ጠዓመ ኣበይ ይረኽብዎም?,ኣብ ቀራና መንገዲ,fuzzy,0.778,ቀራና መንገዲ
tigqa-040-10,40,,መርኣያ ተግባር,ቈልዑነቶም ጠቐምቲ ሓሳባት ንከይርስዑዎም ብምንታይ ይሓትዎም?,ብቕደም ስዓብ,unmatched,0.571,
tigqa-040-14,40,,መርኣያ ተግባር,ብፀጋማይ ኣንፈትና ዝበሉ እንመን እዮም?,ተመሃሮ,unmatched,0.5,
tigqa-040-17,40,,መርኣያ ተግባር,ንባዕልና ንምድሓን እንታይ ንጥቀም?,ብፀጋማይ ምጉዓዝ,unmatched,0.556,
tigqa-040-19,40,,መርኣያ ተግባር,እቶም ቆልዑ ብኣዘራርበኦም ስለዝሕጎሱ እንታይ ይብልዎም?,ርእሶም ይነቕንቑ,unmatched,0.444,
tigqa-040-24,40,,መርኣያ ተግባር,ፅርግያ እንትንሰግር እንታይ ክንኮን የብልናን?,ተታሓሒዝናን እናተጓተትናን,unmatched,0.267,
tigqa-040-25,40,,መርኣያ ተግባር,መን እንተትሓተኩም ምረሳዕኹም ዶ ኢሎም?,ብመምህርኩንም,fuzzy,0.75,ብመምህርኩ
tigqa-040-27,40,,መርኣያ ተግባር,እንታይ ኢሎም ሓተትዎም?,በዝሒ ሕብሪ ትራፊክ መብራህቱ,unmatched,0.4,
tigqa-040-29,40,,መርኣያ ተግባር,ቀያሕ እንትትበርህ እንታይ ማለት እያ?,ሕለፉ ማለት,unmatched,0.5,
tigqa-040-30,40,,መርኣያ ተግባር,ንኣቦይ ጠዓመ ልዕሊ ኩሉ ዘሐጉሶም እንታይ እዩ?,እቶም ቆልዑ የቐንየልና ደሓን ፅንሑ እንትብልዎም,unmatched,0.24,
tigqa-041-02,41,,ሕክምና ቀዳማይ ረድኤት,ሓደጋታት እንተጋጥሙ መን ይረድእ?,ዘወርትን ተጓዓዝትን ተደጋጊፎም,unmatched,0.588,
tigqa-041-04,41,,ሕክምና ቀዳማይ ረድኤት,ሕክምና ቀዳማይ ረድኤት እንታይ እዩ?,ብሓደጋ ትራፊክ ዝተጎድኡ ናብ ሕክምና ክሳብ ዝበፅሑ ዝወሃብ ሓገዝ,unmatched,0.667,
tigqa-041-08,41,,ሕክምና ቀዳማይ ረድኤት,ኣብቲ ሳንዱቕ እንታይ እንታይ ይርከብ?,ፋሻ' ኣልኮል' ጓንትን መቐስን,unmatched,0.5,
tigqa-041-19,41,,ሕክምና ቀዳማይ ረድኤት,ዝተሰበረ ኣካል ብቐሊሉ እንታይ ኣይኮነን?,ኣይፍለጥን,unmatched,0.667,
tigqa-041-21,41,,ሕክምና ቀዳማይ ረድኤት,ሓደጋ ዝበፀሖም ሰባት እንታይ ኣይወሃብን?,ማይን ምግብን,unmatched,0.571,
tigqa-041-22,41,,ሕክምና ቀዳማይ ረድኤት,ሓደጋ ዝበፀሖም ሰባት ማይን ምግብን ዘይወሃበሉ ምኽንያት እንታይ እዩ?,ንከይዕፍኖምን ካሊእ ሓደጋ ከይፈጥረሎምን,fuzzy,0.909,ይዕፍኖምን ካሊእ ሓደጋ ከይፈጥረሎምን
tigqa-041-23,41,,ሕክምና ቀዳማይ ረድኤት,ሓደጋ ዝበፀሖም ሰባት ብምንታይ ናብ ሕክምና ይውሰዱ?,ብኣምቡላንስ,fuzzy,0.857,ኣምቡላንስ
tigqa-042-01,42,,ሰኣን ሓንቲ ዓፍራ,ንጥዕና ምችው ኩነታት ዝፈጥር እንታይ እዩ?,ፅሬት,unmatched,0.333,
tigqa-042-03,42,,ሰኣን ሓንቲ ዓፍራ,ሓውን ሓሰርን እንታይ እዮም?,ፅሬትን ርስሓትን,fuzzy,0.778,ትን ርስሓትን
tigqa-042-05,42,,ሰኣን ሓንቲ ዓፍራ,ተፃረርቲ ነገራት እንታይ እዮም?,ፅሬትን ርስሓትን,fuzzy,0.778,ትን ርስሓትን
tigqa-042-09,42,,ሰኣን ሓንቲ ዓፍራ,ርስሓት እንተሸዲኑ ድማ ንፅርየት እንታይ ይገብሮ?,ይሕምቖ,fuzzy,0.75,ሕምቖ
tigqa-042-23,42,,ሰኣን ሓንቲ ዓፍራ,ኣብ ዘዝረኸቡዎ ቦታ ዝድርብይዎ እንታይ እዩ?,ተረፍመረፍን ጓሓፍን,unmatched,0.636,
tigqa-042-24,42,,ሰኣን ሓንቲ ዓፍራ,ከባቢኦም ብግቡእ ስለዘየፅርዩ እንታይ ይእከብ?,ጓሓፍ,unmatched,0.667,
tigqa-042-25,42,,ሰኣን ሓንቲ ዓፍራ,ሕማም ዘምፅኡን ዘመሓላልፉን ተሃዋስያን ኣበይ ይፍጠሩ?,ጓሓፍ ዝፍጠረሉ ቦታ,unmatched,0.4,
tigqa-043-03,43,,ሓደን ክልተን,ካሌብ እንታይ ይምነ?,ብመድረኽ ኣትሌቲክስ ዓዱ ምፅዋዕ,fuzzy,0.765,ብ መድረኽ ኣትሌቲክስ ዓዱ
tigqa-043-13,43,,ሓደን ክልተን,ካሌብ እንታይ ዝብል የብሉን?,ርሂፀ ረሲሐ ዝብል ስክፍታ,fuzzy,0.769,ረሲሐ ዝብል ስክፍታ
tigqa-043-17,43,,ሓደን ክልተን,እንታይ እናገበረት ንእሽተይ ተዕርፍ?,ጋዜጣ መፅሄት እናንበበት,fuzzy,0.769,መፅሄት እናንበበት
tigqa-043-21,43,,ሓደን ክልተን,ክልቲኦም ኣበይ ኮይኖም የፅንዑ?,ኣብ መሬት ዝተነፀፈ ፍራሽ,unmatched,0.462,
tigqa-043-27,43,,ሓደን ክልተን,ካሌብ ብሓደ እዝኑ ሰሚዑ በቲ ካሊእ እንታይ ይገብሮ?,ይሰዶ,unmatched,0.667,
tigqa-043-28,43,,ሓደን ክልተን,ትርሓስ እንታይ ኣቋሪፃ?,ንካሌብ ምምካር,unmatched,0.5,
tigqa-044-02,44,,ፅርየት ከባቢ,ከባቢ እንታይ የጠቓልል?,ገዛ መረባ ቤት ትምህርቲ,unmatched,0.5,
tigqa-044-05,44,,ፅርየት ከባቢ,ክንክን ከባቢና እንታይ ንምርግጋፅ ይሕግዘና?,ፅሬት ከባቢና,unmatched,0.714,
tigqa-044-06,44,,ፅርየት ከባቢ,ፅሩይ ከባቢ እንታይ ኣይርከቦን?,ደረቕ ኮነ ፈሳሲ ጓሓፍ,fuzzy,0.727,ደረቕ ኮነ ፈሳሲ
tigqa-044-07,44,,ፅርየት ከባቢ,ርስሓት ኣብ ምንታይ ይእከብ?,ኣብ ርስሓት መዋህለሊ,unmatched,0.364,
tigqa-044-11,44,,ፅርየት ከባቢ,ፅርየቱ ዝሓለወ ከባቢ እንታይ ኣለዎ?,ተኽልታትን ብሕብርታት ዝደመ ቑ ዕምበባታትን,unmatched,0.304,
tigqa-044-14,44,,ፅርየት ከባቢ,ብተኽልታትን ዕንበባታትን ዝማዕረገ ከባቢ ኣብኡ ንክንነብር እንታይ ንኾን?,ናበኡ ንውሕዝ,unmatched,0.714,
tigqa-044-21,44,,ፅርየት ከባቢ,ፅሬት ዘይብሉ እንታይ ይእክብ?,ደረቕን ፈሳስን ጓሓፍ,fuzzy,0.727,ደረቕን ፈሳስን
tigqa-044-22,44,,ፅርየት ከባቢ,ኣብ ዘይፀረየ ከባቢ እንታይ የለን?,መእለዪ ጓሓፍ,unmatched,0.571,
tigqa-044-23,44,,ፅርየት ከባቢ,ኣብ ዝረሰሐ ከባቢ እንታይ ይረአ?,ተረፍመረፍ ምግቢኣዕፅምቲወረቓቕቲ ላስቲክ,unmatched,0.391,
tigqa-044-24,44,,ፅርየት ከባቢ,ኣብ ዘይፀረየ ከባቢ ዝርከብ ሽቓቕ እንታይ ዝኾነ እዩ?,ብሽንትን ፍታንን ዝጋዕዘየ,unmatched,0.643,
tigqa-044-25,44,,ፅርየት ከባቢ,ዘይፀረየ ሽቓቕ እንታይ ይፈጥር?,ጥዕናዊ ፀገም,unmatched,0.429,
tigqa-045-06,45,,ውፅኢት እንስሳት ከም ምግቢ,ስጋ ካበይ ይርከብ?,ካብ ከብቲ ጤለበጊዕ ደርሆን ዓሳን,unmatched,0.412,
tigqa-045-07,45,,ውፅኢት እንስሳት ከም ምግቢ,ዝበዝሕ ጊዜ ስጋ ብምንታይ መልክዕ ይቐርብ?,ፀብሒ`,fuzzy,0.75,ፀብሒ
tigqa-045-15,45,,ውፅኢት እንስሳት ከም ምግቢ,ግዕዝም እንታይ ጣዕሚ ይህልዎ?,ኢድካ ተቖርጥም,unmatched,0.5,
tigqa-045-20,45,,ውፅኢት እንስሳት ከም ምግቢ,ክትፎ ኣበይ ይፍተው?,ኣብ እዙሓት ከባብታት,fuzzy,0.727,ዙሓት ከባብታት
tigqa-045-24,45,,ውፅኢት እንስሳት ከም ምግቢ,ከይድታት ፀባ እንታይ እዮም?,ርግኦ ጠስሚ ኣጅቦ,unmatched,0.333,
tigqa-045-29,45,,ውፅኢት እንስሳት ከም ምግቢ,ክንደይ ደራሁ ኣለዋ?,,no_answer_chunk,0.0,
tigqa-045-30,45,,ውፅኢት እንስሳት ከም ምግቢ,ተባዕታይ ደርሆ እንታይ ይበሃል?,,no_answer_chunk,0.0,
tigqa-046-08,46,,በለስ,ተመራመርቲ እንታይ ኣፍሊጦም?,ካብ ፍረ በለስ ዝተሰርሑ ምግብታት ከም ዘለዉ,unmatched,0.545,
tigqa-046-12,46,,በለስ,ማርማላታ ንምስራሕ እንታይ የድልዩ?,ፍረ በለስ ሽኮርን ፅሟቕ ለሚንን,unmatched,0.312,
tigqa-046-17,46,,በለስ,ውልዶ ገልዒ በለስ እንታይ ዘይኮነ እዩ?,ኣዕርዩ ዘይወንወነ,fuzzy,0.8,ርዩ ዘይወንወነ
tigqa-046-19,46,,በለስ,ቅጫ ንምስራሕ እንታይ የድሊ?,ዝተጠሓነ ውልዶ ገልዒ በለስ ሕሩጭ ስርናይ ወይ ጣፍ,unmatched,0.44,
tigqa-046-21,46,,በለስ,ካሊእ ካብ ውልዶ ገልዒ በለስ ዝስራሕ ምግቢ እንታይ እዩ?,ፅሟቕ,unmatched,0.333,
tigqa-046-22,46,,በለስ,ፅሟቕ ንምስራሕ እንታይ የድሊ?,ክሳብ ዝደክም ዝተጠሓነ ውልዶ በለስ,unmatched,0.444,
tigqa-046-23,46,,በለስ,መቐረቱ ንምውሳኽ እንታይ የድሊ?,ፅሟቕ ለሚንን ሽኮርን,fuzzy,0.727,ለሚንን ሽኮርን
tigqa-046-25,46,,በለስ,በለስ እንታይ ዓይነት ንጥረ ምግብታት ዝሓዘ እዩ?,ካርቦሃይድሬት ፕሮቲንን ቫይታሚንን,unmatched,0.421,
tigqa-047-04,47,,ሓደን ብዙሕን,ሕሩጭ ሽሮ ካብ ምንታይ ይሰናዳእ?,ጥረምረ በርበረን ቅመማትን,unmatched,0.357,
tigqa-047-05,47,,ሓደን ብዙሕን,በርበረን ቀመማትን ንሽሮ እንታይ ይገብርዎ?,ጣዕሚ ክህልዎ,unmatched,0.429,
tigqa-047-06,47,,ሓደን ብዙሕን,ሽሮ ንምስራሕ እንታይ የድሊ?,ዓተር ባሕሪ ቀይሕ ባሕሪ ዓይኒ ዓተር,unmatched,0.333,
tigqa-047-08,47,,ሓደን ብዙሕን,ናብ ጥረምረ እንታይ ይሕወስ?,ዝተፈላለዩ ቅመማት,unmatched,0.6,
tigqa-047-09,47,,ሓደን ብዙሕን,ቀንዲ መማቕርቲ ፀብሒ ሽሮ እንታይ እዮም?,ቅመማት,fuzzy,0.75,መማት
tigqa-047-10,47,,ሓደን ብዙሕን,ናብ ፀብሒ ሽሮ እንታይ ይኣትዎ?,ብዘሰናድኦ ኣካል,unmatched,0.444,
tigqa-047-11,47,,ሓደን ብዙሕን,ኣብ ሽሮ ዝኣትዉ ቅመማት ብምንታይ ይፈላለዩ?,ቀይሕሽንጉርቲ፣ፃዕዳሽጉርቲ፣ሰሰግ፣ጅንጅብል፣ኮረሪማንካሙንን,fuzzy,0.861,ጉርቲ፣ ፃዕዳሽጉርቲ፣ ሰሰግ፣ ጅንጅብል፣ ኮረሪማን ካሙንን
tigqa-047-18,47,,ሓደን ብዙሕን,ቀይሕ ሽሮ ዝበሃል ከመይ ዝበለ እዩ?,ብሕብሩ,fuzzy,0.75,ሕብሩ
tigqa-047-21,47,,ሓደን ብዙሕን,ሽሮ ሓደ ሓደ ግዘ እንታይ ተገይሩ ይብላዕ?,ክፈልሕ,fuzzy,0.75,ፈልሕ
tigqa-047-22,47,,ሓደን ብዙሕን,ሽሮ ብኣግባቡ እንታይ ክኸውን ኣለዎ?,ዘይቲ ወይ ጠስመሚ ኮሚደረ ፃዕዳ ሽንጉርትን ጨውን,unmatched,0.28,
tigqa-047-25,47,,ሓደን ብዙሕን,ፀብሒ ሽሮ ብቐጢኑ ወይ ብሓፊሱ ኣዕርዩ ቃዕ ክሳብ ዝብል እንታይ ይግበር?,ዝተመጣጠነ ትሕዝቶ ኣብ ዘለዎም,fuzzy,0.75,ዝተመጣጠነ ትሕዝቶ ኣብ
tigqa-047-29,47,,ሓደን ብዙሕን,ብቐልጡፍ ካብ ዝዳለዉ ፀብሕታት ሓደ እንታይ እዩ?,ሓደብ ብዙሕን,unmatched,0.571,
tigqa-047-30,47,,ሓደን ብዙሕን,ሽሮ እንታይ ተባሂሉ እንተተፀወዐ ኣይበዝሖን?,,no_answer_chunk,0.0,
tigqa-048-03,48,,እንስሳ ዘገዳም,ዝምገብዎን ዝሰትይዎን ካበይ ይረኽቡ?,ካብ ዝነብሩሉ ከባቢ,unmatched,0.5,
tigqa-049-03,49,,ሓርማዝን ጉማረን,ሓርማዝ እንታይ ይምገብ?,ቆፅሊ ሳዕርን ፍረምረን,fuzzy,0.75,ሳዕርን ፍረምረን
tigqa-049-05,49,,ሓርማዝን ጉማረን,ሓርማዝን ጉማረን ኣበይ ይነብሩ?,ናይ ኣብ ዝርከቦ,fuzzy,0.875,ይ ኣብ ዝርከቦ
tigqa-049-06,49,,ሓርማዝን ጉማረን,ሓርማዝ እንታይ ዝመስል እግሪ ኣለዎ?,ረጎድቲ ኣንዋም ዝመስሉ,unmatched,0.5,
tigqa-049-08,49,,ሓርማዝን ጉማረን,ሓርማዝ ፅምዲ ዓበይቲ እንታይ ኣለዎ?,አስናን,fuzzy,0.75,ስናን
tigqa-049-09,49,,ሓርማዝን ጉማረን,ሓርማዝ ብምንታይ የጫኑ?,ብንጎቱ,unmatched,0.5,
tigqa-049-10,49,,ሓርማዝን ጉማረን,ጉማረ ሰብነቱ ብምንታይ ቀባእባእ ይብል?,,no_answer_chunk,0.0,
tigqa-050-05,50,,ኣንበሳን ዓርዓር ነብርን,ዓርዓር ነብሪ ንመን ይሃድን?,ኣናእሽተይ እንስሳት,unmatched,0.636,
tigqa-050-07,50,,ኣንበሳን ዓርዓር ነብርን,ሕብሪ ኣንበሳ እንታይ ዓይነት እዩ?,ሃሳስ ኣራንሸታይ,unmatched,0.667,
tigqa-050-08,50,,ኣንበሳን ዓርዓር ነብርን,ሕብሪ ዓርዓር ነብሪ እንታይ ዓይነት እዩ?,ሃሳስ ቡኒ ኮይኑ ፀዒም ዝዘረጎ,unmatched,0.6,
tigqa-050-11,50,,ኣንበሳን ዓርዓር ነብርን,ተመገብቲ ተኽልን ስጋን እንመን እዮም?,ሓርማዝ ጉማረ ኣንበሳን ዓርዓር ነብርን,unmatched,0.65,
tigqa-050-14,50,,ኣንበሳን ዓርዓር ነብርን,ብኣንፃሩ እንታይ ኣለዎም?,ዝፈላለይሎም ባህሪያትን ልምድታትን,unmatched,0.474,
tigqa-051-01,51,,ኢትዮጵያዊት ዕንቊ,ኣብ ኢትዮåያ ጥራሕ ትርከብ እንስሳ እንታይ እያ?,ቀያሕ ቡኻርያ,unmatched,0.571,
tigqa-051-02,51,,ኢትዮጵያዊት ዕንቊ,ቀያሕ ቡኻርያ ብምንታይ ትፍለ?,ምልክዕትን ቀይሕንብምዃና,unmatched,0.429,
tigqa-051-04,51,,ኢትዮጵያዊት ዕንቊ,እዛ እንስሳ ኣእጋራን ቁመታን ከመይ ዝበለ እዩ?,ኣእጋራ ንውሕ ዝበለ ቁመታ ድማ ውጥጥ ዝበለ,unmatched,0.524,
tigqa-051-05,51,,ኢትዮጵያዊት ዕንቊ,ክብደት ብፅሕቲ ቡኻርያ ክንደይ እዩ?,13-16 ኪ/ግ,fuzzy,0.75,13-16 ኪ
tigqa-052-04,52,,መነባብሮ,እኹል ምግቢ ኣብዝ ርከበሎም እዋናት ቁፅሮም እንታይ ይኾን?,ይበዝሕ,fuzzy,0.75,ይ በዝ
tigqa-053-03,53,,ኣመጋግባ,ዓበይቲ ኣናፁ ካብ ጉድጓድ እንትወፁ እንታይ ይገብርዎም?,ኣድብዮም ብምሓዝ ይበልዕዎም,unmatched,0.533,
tigqa-053-04,53,,ኣመጋግባ,ኣፎም ከመይ ዝበለ እዩ?,ሞጥሟጥ,unmatched,0.5,
tigqa-053-05,53,,ኣመጋግባ,ካብ ኣናፁ ብተወሳኺ እንታይ ይምገቡ?,ኣዕዋፍ' ሰስሓ 'ማንቲለ' ውላድ ዋልያ,unmatched,0.3,
tigqa-054-04,54,,ምርባሕ,ቡኻርያ ኣብ ሓደ እዋን ክንደይ ኮራኹር ትወልድ?,2-6 ኮራኩር,unmatched,0.714,
tigqa-055-02,55,,መንበሪ,ማእኸላይ ስፍሓት መንበሪኦም ክንደይ እዩ?,6 ትርብዒት ኪ/ሜ,fuzzy,0.778,6 ትርብዒት ኪ
tigqa-055-03,55,,መንበሪ,ስፍሓት መረበቶም ምስ ምንታይ ይተሓሓዝ?,ምስ በዝሒ ዝምገብዎም ኣናፁ,unmatched,0.571,
tigqa-055-08,55,,መንበሪ,ዕንቊ እንስሳ ዘገዳም መን እዮም?,ቀይሕ ቡኻርያ,unmatched,0.571,
tigqa-055-10,55,,መንበሪ,ረብሓ ቀያሕቲ ቡኻርያታት እንታይ እዩ?,ምስሊ ሃገር ይልውጡ,unmatched,0.6,
tigqa-056-02,56,,ዋልያ - ብርቂ ጥሪት,ዋልያ ኣብ ጎቦታት እንታይ ይርከብ?,ጎቦታት ሰሜን,unmatched,0.429,
tigqa-057-07,57,,መሸከል,ክብደት ተባዕታይ ክንደይ እዩ?,80-125 ኪ/ግ,fuzzy,0.778,80-125 ኪ
tigqa-057-08,57,,መሸከል,ቀርኒ ዋልያ ክንደይ ሴ.ሜ እዩ?,110 ሴ/ሜ,unmatched,0.667,
tigqa-057-09,57,,መሸከል,ቁመት ዋልያታት ክንደይ እዩ?,140-170 ሴ/ሜ,fuzzy,0.8,140-170 ሴ
tigqa-058-05,58,,ምርባሕ,ኣንስተይቲ ዋልያ ንክንደይ መዓልቲ ምልኦኣ ይፀንሕ?,ካብ 150-165,unmatched,0.556,
tigqa-059-01,59,,መንበሪ,ዋልያታት ኣብ ምንታይ ይነብሩ?,ኣብ ጎቦታት,unmatched,0.5,
tigqa-059-06,59,,መንበሪ,ዋልያታት ኣብ ምንታይ ጎቦታት ይነብሩ?,ሰሜን,unmatched,0.667,
tigqa-059-08,59,,መንበሪ,ተወሰኽቲ ፀገማት እንታይ እዮም?,ስዲ ጋህፂ ምግፋሕ ሕርሻ,unmatched,0.583,
tigqa-059-09,59,,መንበሪ,ንሓለዋ ዘፀግም እንታይ ብምዃኑ እዩ?,መረበቶም ውሱን ብምዃኑ,unmatched,0.667,
tigqa-060-01,60,,ቃርሳ,ሃይላይ ብዛዕባ ዘይፈልጦም ነገራት ምስ መን ይዘራረብ?,ምስ ኣቦሓጉኡ,unmatched,0.714,
tigqa-060-06,60,,ቃርሳ,ኣባሓጎ ሃይላይ እንታይ ብምባል መሊሱ?,ጎበዛት እባ,fuzzy,0.833,በዛት እባ
tigqa-060-13,60,,ቃርሳ,ቃርሳ ኣወዳት እንታይ ዘመስክሩሉ እዩ?,ጉብዝነኦም,unmatched,0.5,
tigqa-060-14,60,,ቃርሳ,ቃርሳ እንታይ እዩ?,ባህላዊ ፀዋታ,unmatched,0.714,
tigqa-060-17,60,,ቃርሳ,ቃርሳ ካብ ምንታይ ትስራሕ?,ካብ ዕንፀይቲ ወይ ጎማ,fuzzy,0.818,ካብ ዕንፀይቲ ወይ
tigqa-060-19,60,,ቃርሳ,ቁፅሪ ተፃወቲ ቃርሳ ክንደይ እዩ?,ይመጣጠን እምበር በዝሒ ኣይግለፅን,unmatched,0.5,
tigqa-060-23,60,,ቃርሳ,ኣብ ሕድሕድ ጋንታ እንታይ የድሊ?,ቅልጡፍ ጎያዪ,unmatched,0.571,
tigqa-060-24,60,,ቃርሳ,ብተወሳኺ እንታይ የድሊ?,ልዋ ወቓዒ እውን,unmatched,0.5,
tigqa-060-25,60,,ቃርሳ,ቃርሳ ንምሓዝ እንታይ የለን?,ባእሲ የለን,unmatched,0.5,
tigqa-060-29,60,,ቃርሳ,ቃርሳ መዓዝ ይፅወት?,ኣብ ሓጋይ ቅነ ልደት,unmatched,0.5,
tigqa-061-03,61,,ዲቦ,ዲቦ ብክንደይ ሰብ ይፅወት?,ብክልተ ሰብን ልዕሊኡን,fuzzy,0.833,ልተ ሰብን ልዕሊኡን
tigqa-061-04,61,,ዲቦ,ዲቦ እንታይ አዩ?,ባህላዊ ፀዋታ,unmatched,0.714,
tigqa-061-05,61,,ዲቦ,ዲቦ ናይ ባዕሉ እንታይ ኣለዎ?,ቅደም ስዓባዊ ከይዲ,unmatched,0.6,
tigqa-061-09,61,,ዲቦ,ፀወታ መን ይጅምር?,ዝረተዐ,unmatched,0.5,
tigqa-061-10,61,,ዲቦ,ሓደ ሓደ ጊዜ እንታይ ብምባል ይጅመር?,ኣባይ ይውዓሉ ብምባል,unmatched,0.636,
tigqa-061-11,61,,ዲቦ,ዕድል ምጅማር ዝበፀሓ ተፃዋቲት እንታይ ትገብር?,ሸውዓቲአን ፀፀራተ ብምብታን ፀዋታ ትጅምር,unmatched,0.545,
tigqa-061-14,61,,ዲቦ,በብሓደ እንትትኣሪ እንታይ ክትገብር የብላን?,ክትንክፍ,fuzzy,0.8,ትንክፍ
tigqa-061-16,61,,ዲቦ,ንሸውዓቲኦምኣእማንካብከብዲኢድናብዝባንኢድምግልባጥ እንታይ ይበሃል?,ምፅምፅም,fuzzy,0.8,ፅምፅም
tigqa-061-18,61,,ዲቦ,ክሳብ እንታይ እናፀምፀመት ትቕፅል?,ክሳብ ኣእማን ዝወድቕ,unmatched,0.636,
tigqa-061-19,61,,ዲቦ,ንመጋጥምታ እንታይ ትብላ?,ሸውዓተኻ ዓሰርተኣርባዕተኻ---,unmatched,0.556,
tigqa-061-21,61,,ዲቦ,ኣብ ምፅምፃም እምኒ እንተወዲቕዋ እንታይ ትገብር?,ዝወደቑ በቢሓደ ትኣርዮም,unmatched,0.538,
tigqa-061-23,61,,ዲቦ,ሸውዓተ ይተርፋ ሓሙሽተ ይተርፋ መዓዝ ይብል?,ተርኡ በፂሕዎ እንትፃወት,unmatched,0.231,
tigqa-061-26,61,,ዲቦ,ተፃወቲ እንታይ ክርስዑ የብሎምን?,ዓዲ ክንደይ ከምዝሰሓቱ,fuzzy,0.75,ዓዲ ክንደይ ከምዝ
tigqa-061-30,61,,ዲቦ,እቲ ፀፀር ክንደይ ሜ ክልዕል ኣለዎ?,ሱቕ ኢልካ ምፍልላይ,fuzzy,0.9,ቕ ኢልካ ምፍልላይ
tigqa-061-31,61,,ዲቦ,ኣብ መወዳእታ እንታይ የለን?,ኣውፀአለይ,unmatched,0.5,
tigqa-061-35,61,,ዲቦ,ኣብ መወዳእታ እንታይ ብምባል ነፃ ይገብሮ?,,no_answer_chunk,0.0,
tigqa-062-02,62,,ንፃወት እሞ ንተዓወት,ሰባት ተሓዋዊሶም እንታይ ይለወዋወጡ?,ልምድን ተሞክሮን,unmatched,0.556,
tigqa-062-04,62,,ንፃወት እሞ ንተዓወት,ፀዋታ እንታይ የገንዝብ?,ምትሕውውስ ከምዝጠቅም,unmatched,0.417,
tigqa-062-05,62,,ንፃወት እሞ ንተዓወት,ንፃወት እሞ ንተዓወት እንታይ እዩ?,ቆልዑ,unmatched,0.667,
tigqa-062-09,62,,ንፃወት እሞ ንተዓወት,በቲ ፀዋታ እንታይ ይስመዖም?,እወ,unmatched,0.5,
tigqa-062-13,62,,ንፃወት እሞ ንተዓወት,እታ እምኒ ከመይ ዝበለት እያ?,ይምክሑ,fuzzy,0.75,ምክሑ
tigqa-062-19,62,,ንፃወት እሞ ንተዓወት,ቆልዑ እንታይ ይገጥሙ?,ሰብ ይተኣከብ----,unmatched,0.636,
tigqa-062-24,62,,ንፃወት እሞ ንተዓወት,ኣብ ፀዋታ ቡቻ እንታይ ምፍላጥ የድሊ?,ተሓዚሎም ቸቸ ይብሉ,unmatched,0.7,
tigqa-062-29,62,,ንፃወት እሞ ንተዓወት,ካብ ዝፍሕስዎም ተንኮላት ሓደ እንታይ እዩ?,የንቀሳቕስዎም,unmatched,0.25,
tigqa-062-32,62,,ንፃወት እሞ ንተዓወት,ተሓዚሎም እንታይ ይብሉ?,ካልኦት ንዝገብርዎም ይርእዩ,unmatched,0.533,
tigqa-062-33,62,,ንፃወት እሞ ንተዓወት,ቆልዑ ቡቻ እንትፃወቱ እንታይ ይመሃሩ?,መነዐ,unmatched,0.333,
tigqa-062-39,62,,ንፃወት እሞ ንተዓወት,ካብ ተፈጥሮ እንታይ ይዛይድ?,ቆልዑ,unmatched,0.667,
tigqa-062-40,62,,ንፃወት እሞ ንተዓወት,ልዕሊ ኩሉ ብፃዕሮም ውፅኢት ዘመዝገቡ እንመን እዮም?,,no_answer_chunk,0.0,
tigqa-063-04,63,,ሕንቅል ሕንቅሊተይ,ኣብ ሕንቅልሕንቅሊተይ እንታይ ዓይነት ሕቶታት ይቐርቡ?,ኣተሓሳስባ ቆልዑ ዘዕብዩ,unmatched,0.462,
tigqa-063-05,63,,ሕንቅል ሕንቅሊተይ,ኣበዚ ፀዋታ እንታይን እንታይን ኣለዉ?,ሓታትን መላስን,fuzzy,0.75,ትን መላስን
tigqa-063-08,63,,ሕንቅል ሕንቅሊተይ,ምልክዕቲ ቀያሕ ወለላ ብምንታይ ትሕሎ?,ብፃዕዱ ሓሻኽር,unmatched,0.625,
tigqa-063-09,63,,ሕንቅል ሕንቅሊተይ,ሓታቲ እንታይ ኮነ?,ኣይፈለጣን,unmatched,0.5,
tigqa-063-11,63,,ሕንቅል ሕንቅሊተይ,ንእሽተይ ፈላሲት እንታይ ትገብር?,ሩባሩባ ትሕምስ,unmatched,0.5,
tigqa-063-16,63,,ሕንቅል ሕንቅሊተይ,መልሲ እንተፈሊጦም እንታይ ክብሉ ይኽእሉ?,ብቐጥታ ይምልሱ,unmatched,0.5,
tigqa-063-24,63,,ሕንቅል ሕንቅሊተይ,ኣበይ ትቕመጥ?,ኣብ ማይን መሬትን,unmatched,0.556,
tigqa-064-01,64,,ኣሰያይማ ከተማ ዓብዪ ዓዲ,ስያመኡ ብኣፈታሪኽ ዝንገረሉ ከተማ መን እዩ?,ዓብይዓዲ,unmatched,0.6,
tigqa-064-06,64,,ኣሰያይማ ከተማ ዓብዪ ዓዲ,እቶም ንጉስ ኣበይ በፂሖም?,ዓብይዓዲ,unmatched,0.6,
tigqa-064-07,64,,ኣሰያይማ ከተማ ዓብዪ ዓዲ,ዓበይቲ ዓዲ ተኣኪቦም እንታይ ገይሮም?,ተማኺሮም,unmatched,0.4,
tigqa-064-09,64,,ኣሰያይማ ከተማ ዓብዪ ዓዲ,እቶም ንጉስ ሕቶኦም እንታይ ገይርምዎ?,ተቐቢሎምዎ,unmatched,0.333,
tigqa-064-10,64,,ኣሰያይማ ከተማ ዓብዪ ዓዲ,ከይፈለዩ እንተፀኒሖም እንታይ ከምዝገብርዎም ነጊሮምዎ?,ከምዝቐፅዕዎም,unmatched,0.625,
tigqa-064-11,64,,ኣሰያይማ ከተማ ዓብዪ ዓዲ,እቶም ደቂ ዓዲ እንታይ ገይሮም?,ዘሪኦምዎ,unmatched,0.4,
tigqa-064-12,64,,ኣሰያይማ ከተማ ዓብዪ ዓዲ,ምስቦቐለ እንታይ ገይሮምዎ?,ዓፂዶምዎ,fuzzy,0.8,ዓፂዶም
tigqa-064-13,64,,ኣሰያይማ ከተማ ዓብዪ ዓዲ,እቶም ንጉስ እንታይ ኢሎም?,ብጣዕሚ ገሪምዎ,unmatched,0.5,
tigqa-064-15,64,,ኣሰያይማ ከተማ ዓብዪ ዓዲ,ካብቲ ዘመን ንጉስ ንደሓር እንታይ ተባሂሉ ይፅዋዕ?,ዓብይዓዲ,unmatched,0.6,
tigqa-064-16,64,,ኣሰያይማ ከተማ ዓብዪ ዓዲ,እቲ ሓደ ምስ ምንታይ ዝተተሓሓዘ ኣፈታሪኽ እዩ?,ምሰ ሓንቲ ጓል,unmatched,0.714,
tigqa-064-17,64,,ኣሰያይማ ከተማ ዓብዪ ዓዲ,ሓንቲ ጓል ካብ ርሑቕ ቦታ ናበይ መፂኣ?,ናብ ዓብይዓዲ,unmatched,0.429,
tigqa-064-19,64,,ኣሰያይማ ከተማ ዓብዪ ዓዲ,እታ ጓል እንታይ እያ?,ንእስቲ,unmatched,0.5,
tigqa-064-23,64,,ኣሰያይማ ከተማ ዓብዪ ዓዲ,ተሓባቢርና እንታይ ንግበራ ኢሎም?,ነመርዕዋ,unmatched,0.6,
tigqa-064-28,64,,ኣሰያይማ ከተማ ዓብዪ ዓዲ,ወለዳ ንምንታይ ተደሚሞም?,በቶም ዓበይቲ ዝተገበረላ ኩሉ ብዝርዝር ስለዝነገረቶም,unmatched,0.464,
tigqa-064-29,64,,ኣሰያይማ ከተማ ዓብዪ ዓዲ,ወለዳ ተደሚሞም እንታይ ኢሎም?,ብሓቂ ዓብይዓዲ ሪእና,unmatched,0.455,
tigqa-064-30,64,,ኣሰያይማ ከተማ ዓብዪ ዓዲ,ካብኡ ጀሚሩ እቲ ቦታ እንታይ ተባሂሉ?,ዓብይ ዓዲ,unmatched,0.6,
tigqa-065-06,65,,ምድምማፅ,ሕ/ሰብና ንብዙሓት ተርእዮታት ዝገልፀሉ እንታይ ኣለዎ?,ምሰላታት ነበረያ ነበረታትን ያታታትን,fuzzy,0.75,ነበረያ ነበረታትን ያታታትን
tigqa-065-12,65,,ምድምማፅ,ብዛዕባ እንታይ እናሓሰበ ነበረ?,ብዛዕባ ተግባር ደርሆ,fuzzy,0.727,ብዛዕባ ተግባር
tigqa-065-14,65,,ምድምማፅ,ንኣደይ ትሕሽ ብዛዕባ እንታይ ሓቲትወን?,ብዛዕባ እታ ደርሆ,unmatched,0.556,
tigqa-065-18,65,,ምድምማፅ,ሽላ ብምንታይ ይናበር?,ብመርፍእ,fuzzy,0.8,መርፍእ
tigqa-065-19,65,,ምድምማፅ,ሽላ ንምንታይ የጠንቅቓ?,መርፍእ ንከይተጥፍኣ,unmatched,0.545,
tigqa-065-20,65,,ምድምማፅ,እታ መርፍእ እንተጠፊኣ እንታይ ይወስድ?,ንደቃ,unmatched,0.667,
tigqa-065-22,65,,ምድምማፅ,ደርሆ እንታይ ኣይወደአትን?,ሰፍያ ኣይወደአትን,unmatched,0.3,
tigqa-065-25,65,,ምድምማፅ,ደርሆ ነቲ መርፍእ ንምርካብ እንታይ ገይራ?,ብመትኮባ ንመሬት ፅሒራቶ,unmatched,0.462,
tigqa-065-26,65,,ምድምማፅ,ሽላ ብተግባራት ደርሆ እንታይ ኮይኑ?,ተቖጢዑ,unmatched,0.5,
tigqa-065-27,65,,ምድምማፅ,ሽላ እንታይ ምግባር ጀመረ?,ንደቃ ምውሳድ,fuzzy,0.857,ደቃ ምውሳድ
tigqa-065-28,65,,ምድምማፅ,ደርሆ ሽላ ንደቃ ኣብ ምንታይ ተእትዎም?,ኣብ ሕቕፎኣ,unmatched,0.333,
tigqa-066-03,66,,ኣቦይ ነስሓ,ማእሲ ዝሓዙ መን እዮም?,ኣቦሓጉኡ,unmatched,0.6,
tigqa-066-05,66,,ኣቦይ ነስሓ,ዝገበርዎ ከዘንትውሉ ምስጀመሩ ንምንታይ ተጨኒቑ?,ተስፋ ዝቖረፁ መሲልዎ,fuzzy,0.818,ተስፋ ዝቖረፁ መሲ
tigqa-066-13,66,,ኣቦይ ነስሓ,ንብዙሓት ሰባት እንታይ ገይሮም?,ኣቐይሞም,unmatched,0.4,
tigqa-066-15,66,,ኣቦይ ነስሓ,እናፀናፀነ ዝረኸቦ ምሽጥር እንታይ ይገብር ነይሩ?,ፈቐድኡ የንበልብሎ ነይሩ,fuzzy,0.769,ድኡ የንበልብሎ ነይ
tigqa-066-16,66,,ኣቦይ ነስሓ,እንታይ ተኾይኖም እዩ ብሕፍረት ኣብ ዝኣትዉዎ ዝስእኑ?,ዝጥርጠሩ እንተኾይኖም,unmatched,0.667,
tigqa-066-17,66,,ኣቦይ ነስሓ,ኣብ መንገዲ እንተሪኦምኒ እንታይ ይኾኑ?,መንገዲ ይቕይሩ,unmatched,0.5,
tigqa-066-18,66,,ኣቦይ ነስሓ,ከይርኣዩኒናብዘለኽዎእንትመፅኡብዛዕብኦምዝኾነንዘይኮነንብምዝራብ እንታይ ይገብሮም?,የሸቑርሮም,unmatched,0.5,
tigqa-066-27,66,,ኣቦይ ነስሓ,እንታይ ተራእይዎ?,ዝገብሮም ዝነበረ በደላት,unmatched,0.615,
tigqa-066-31,66,,ኣቦይ ነስሓ,ሕድሩ እንታይ ኣስተውዒሉ?,ድምፂ ኣቦሓጉኡ ከም ዝደኸመ,unmatched,0.5,
tigqa-066-32,66,,ኣቦይ ነስሓ,እንታይ እንትብሎም እዩ ርእሶም ዝነቕነቑ?,ደኺምካ እዩ ንእሽተይ ኣዕርፍ,fuzzy,0.8,ካ እዩ ንእሽተይ ኣዕርፍ
tigqa-066-33,66,,ኣቦይ ነስሓ,እንታይ ኣይደለዩን?,ኩሉ ንይኖም ሒዞም ክሓልፉ ኣይደለዩን,unmatched,0.211,
tigqa-066-34,66,,ኣቦይ ነስሓ,ብጥፍኣቶም ብዙሓት ሰባት እንታይ ኮይኖም?,ተጎዲኦም,unmatched,0.4,
tigqa-067-02,67,,ንጠንቀቕ!,ሕማም ዘስዕቡልና ብምንታይ ምኽንያት እዩ?,ልዕል ዓቕሚ ምክልኻል ስለዝኾኑ,unmatched,0.5,
tigqa-067-05,67,,ንጠንቀቕ!,ብተፈጥሮኣዊ ዓቕምናን ብሕክምናን ካብ ዘይንከላኸሎም ሓደ እንታይ እዩ?,ኤችኣይቪ ኤድስ,unmatched,0.625,
tigqa-067-12,67,,ንጠንቀቕ!,ቆርበት ብምንታይ ይጭሕገር?,መርፍእ ላማ,unmatched,0.667,
tigqa-067-13,67,,ንጠንቀቕ!,ኣብደሙቫይረስምስዘለዎሰብሓቢርካምጥቃም ንምንታይ የቃልዐና?,ንሕማም ቫይረስ,unmatched,0.5,
tigqa-067-17,67,,ንጠንቀቕ!,ምትንኻፍደምእንተዘይብሎም እንታይ ኣየመሓላልፉን?,ኤችኣይቪ ኤድስ,unmatched,0.625,
tigqa-067-18,67,,ንጠንቀቕ!,ሓበራዊ ረብሓ እናሃቡ ቫይረስ ዘየመሓላልፉ እንታይ እዮም?,ክዳውንቲ ሽጓማኖ ሽቓቕ,unmatched,0.333,
tigqa-067-19,67,,ንጠንቀቕ!,ሽጓማኖ ክዳውንትን ሽቓቕን ቫይረስ ዘይመሓላልፉ ንምንታይ እዩ?,ምስ ደም ስለዘይተናኸፉ,unmatched,0.333,
tigqa-067-22,67,,ንጠንቀቕ!,በላሕቲ ነገራት እንትንጥቀም እንታይ ምዃኖም ክነረጋግፅ ይግባእ?,ብፅሬት ወይ ብጥንቃቐ ክንሕዞም,fuzzy,0.812,ት ወይ ብጥንቃቐ ክንሕዞም
tigqa-067-23,67,,ንጠንቀቕ!,ባዕልና ዝተጠቐምናሎም እንታይ ክንገብር ኣለና?,ብሸለልትነት ከይድርብይዎ ምምዓድ,unmatched,0.667,
tigqa-067-24,67,,ንጠንቀቕ!,ካልኦት ዝተጠቐምሎም እንታይ ምግባር የድሊ?,ብቫይረስ ይብከሉ,unmatched,0.556,
tigqa-067-27,67,,ንጠንቀቕ!,ቫይረስ ኣብ ምንታይ ይነብር?,ናብ ካልኦት ንከይመሓላለፍ,unmatched,0.643,
tigqa-067-28,67,,ንጠንቀቕ!,ጥንቃቐ ምግባር ንምንታይ ይጠቅም?,ምምኻርን ትምህርቲ ምሃብን,unmatched,0.429,
tigqa-067-29,67,,ንጠንቀቕ!,ንዘይፈልጡ ሰባት እንታይ ምሃብ የድሊ?,ካብቲ ሐዚ ዘለዎ ዝርገሐ ከይውስኽ,unmatched,0.588,
tigqa-067-30,67,,ንጠንቀቕ!,ቫይረስ እንታይ ምግባር ይከኣል እዩ?,,no_answer_chunk,0.0,
tigqa-068-09,68,,ምስግና,ትምኒትን ተስፋይን እንታይ ክገብሩ ኣመዓራረየ?,ሓዳር ክገብሩ,unmatched,0.429,
tigqa-068-10,68,,ምስግና,ትምኒትን ተስፋይን እንታይ ከኽብሩ በቒዖም?,መዓልቲ መልዐኦም,unmatched,0.556,
tigqa-068-12,68,,ምስግና,መብዛሕትኦም ኣጋይሽ እንታይ እናገበሩ ይፅበዩ ነይሮም?,ኣብ ጥቕኦም ምስዝረኸብዎ እጌግዑ,unmatched,0.647,
tigqa-068-13,68,,ምስግና,ክልቲኦም እንታይ መሲሎም ናብቲ ኣዳራሽ ኣትዮም?,ሓደሽቲ ተመርዓውቲ,unmatched,0.6,
tigqa-068-14,68,,ምስግና,ገሊኦም ኣጋይሽ ትምኒትን ተስፋይን እንታይ ምዃኖም ተገሪሞም?,መንኣሰይ ምዃኖም,unmatched,0.667,
tigqa-068-18,68,,ምስግና,ትምኒትን ተስፋይን ንምንታይ ተሓጒሶም?,ዕድሚኦም ኣኽቢሮም ዕዱማት ስለዝመፁ,unmatched,0.263,
tigqa-068-19,68,,ምስግና,ደስ ስለዝበሎም እንታይ ኣለዎም?,ዝብልዎ ኣለዎም,unmatched,0.625,
tigqa-068-24,68,,ምስግና,ተመርሚሩ ባዕሉ ንክፈልጥ እንታይ ገይሩ?,ኢዱ ሒዙ መሪሕዎ,unmatched,0.5,
tigqa-068-27,68,,ምስግና,ዝኾንኩምልናን ዝሃብኩምናን ኩሉ እንታይ እዩ?,ፈውሲ እዩ,unmatched,0.6,
tigqa-068-28,68,,ምስግና,እቶም ዕዱማት ንምንታይ ተኣኪቦም?,ድኻሞም ፍረ ከም ዝቋፀረ ከበስርዎም,unmatched,0.333,
tigqa-068-30,68,,ምስግና,ካብ ምንታይ ነፃ ዝኾነ ቆልዓ ክትወልድ ትፅቢት ይግበር?,ካብ ኤችኣይቪ ኤድስ,unmatched,0.7,
tigqa-069-08,69,10ይ,መሰረታዊ ባህርያት ቋንቋ,ቃላትን ድምፅታትን እንታይ የብሎምን?,ኣምር ባህሪያዊ ምትእስስር,unmatched,0.429,
tigqa-069-14,69,10ይ,መሰረታዊ ባህርያት ቋንቋ,መለለዪ ባህሪ ቋንቋ እንታይ እዩ?,ይወልድ ይመውት,unmatched,0.375,
tigqa-069-18,69,10ይ,መሰረታዊ ባህርያት ቋንቋ,ኣናህብ ዝረዳድእሉ ምልክት ቋንቋ ብእንታይ እዩ?,ብምንቅስቓስ,fuzzy,0.857,ምንቅስቓስ
tigqa-069-25,69,10ይ,መሰረታዊ ባህርያት ቋንቋ,እንስሳት ምስ ዘርኦም ብምንታይ ክረዳድኡ ይኽእሉ?,ብድምፂ,unmatched,0.5,
tigqa-069-27,69,10ይ,መሰረታዊ ባህርያት ቋንቋ,ቋንቋ ብምንታይ ይርከብ?,ብትምህርቲ ወይ ብልምዲ,unmatched,0.667,
tigqa-069-28,69,10ይ,መሰረታዊ ባህርያት ቋንቋ,ቋንቋ ናይ ምንታይ እኩብ እዩ?,ናይ ድምፅታት,unmatched,0.714,
tigqa-069-29,69,10ይ,መሰረታዊ ባህርያት ቋንቋ,ሰባት ዝረዳድእሉ ምልክታት እንታይ እዮም?,ብኽያት ስሓቕ ምንቅስቓስ ኣካል,unmatched,0.562,
tigqa-069-31,69,10ይ,መሰረታዊ ባህርያት ቋንቋ,ባህሪያት ቋንቋ እንታይ እዮም?,ሓድሽነት፣ ልውውጥ ሓሳብ፣ ጥሙርነት፣ ባህርያዊ ውርሲ፣ ምልቃሕ ቃላትን ተለዋዋጥነትን,fuzzy,0.889,፣ ልውውጥ ሓሳብ፣ ጥሙርነት፣ ባህርያዊ ውርሲ፣ ምልቃሕ ቃላትን ተለዋዋጥነትን
tigqa-069-34,69,10ይ,መሰረታዊ ባህርያት ቋንቋ,ሰብ እንታይ ክሃንፅ ይኽእል?,ሓደሽቲ ሙሉእ ሓሳባት,unmatched,0.545,
tigqa-069-35,69,10ይ,መሰረታዊ ባህርያት ቋንቋ,ሰብ ብቋንቋ ሓሳቡ እንትገልፅ ዝሃንፆም ምሉእ ሓሳባት እንታይ እዮም?,ፅንፈ ኣልቦ,unmatched,0.5,
tigqa-069-50,69,10ይ,መሰረታዊ ባህርያት ቋንቋ,ቋንቋ እንታይ ክውስኖ ይኽእል?,ምዕባለ ሕብረተሰብ,unmatched,0.6,
tigqa-070-02,70,,ኣመፃፅኣ ቋንቋ ባህላዊ መውስቦ,ቋንቋ ካብ ምንታይ ዝተወሃበ እዩ?,ካብ ኣምላክ,fuzzy,0.833,ካብ ኣምላ
tigqa-070-05,70,,ኣመፃፅኣ ቋንቋ ባህላዊ መውስቦ,ኣመለኻኽታ ሓሳባውያን ዘለዎም እንታይ የሸግሮም ነይሩ?,ንምንታይ ይውለድ፤ይኣርግን ይጠፍእን? ንዝብሉ ሕቶታት መልሲ ንምሃበ,fuzzy,0.972,ንምንታይ ይውለድ፤ይኣርግን ይጠፍእን? ንዝብሉ ሕቶታት መልሲ ንምሃ
tigqa-070-15,70,,ኣመፃፅኣ ቋንቋ ባህላዊ መውስቦ,ንፀላኢኻ ብምንታይ ተጥቅዖ?,ዕንፀይቲ ጨዲድካ ወይ ነቲ እምኒ ፈንፂሕኻ በሊሕ ነገር ብምፍጣር,fuzzy,0.844,ዕንፀይቲ ጨዲድካ ወይ ነቲ እምኒ ፈንፂሕኻ በሊሕ ነገር
tigqa-070-17,70,,ኣመፃፅኣ ቋንቋ ባህላዊ መውስቦ,ዕንፀይቲ፣ እምኒ ብምንታይ የብልሕ?,ብኢድ,unmatched,0.667,
tigqa-070-18,70,,ኣመፃፅኣ ቋንቋ ባህላዊ መውስቦ,ኣእምሮ እንታይ ይገብር?,ዝሓሸ ነገር ይሓስብ,unmatched,0.6,
tigqa-070-21,70,,ኣመፃፅኣ ቋንቋ ባህላዊ መውስቦ,ወድን ጓልን ብሓባር ንምንባር እንታይ ይገብሩ?,ይመርዓዉ,unmatched,0.6,
tigqa-071-04,71,,መፅሓፍ,ታሪኽካን ባህልኻን ብፅሑፍ ኣስፊርካ ንመፃኢ ወለዶ እንተዘይኣመሓላሊፍካ እንታይ የስዕብ?,መጠን ህዝቢ እንዳበረሰብእንዳዓነየን ምኻድ,unmatched,0.478,
tigqa-071-05,71,,መፅሓፍ,ቋንቋና ተኸቢሩ ክንመሃረሉን ክንፅሕፈሉን ኣብ እንኽእለሉ ብርኪ ዝበፃሕናድሕሪ መዓዝ እዩ?,ድሕሪ ነዊሕ ዘመነ ጭቆና,unmatched,0.667,
tigqa-073-01,73,,ነዊሕ ልቢ ወለድ,ነዊሕ ልበወለድ ብቋንቋ እንግሊዝ እንታይ ይበሃል?,ኖቭል,unmatched,0.333,
tigqa-073-05,73,,ነዊሕ ልቢ ወለድ,ነዊሕ ልበ ወለድ እንታይዓይነት ፅሑፍ እዩ?,ሌጣን ጥበባውን,fuzzy,0.75,ሌጣን ጥበባ
tigqa-073-11,73,,ነዊሕ ልቢ ወለድ,ነዊሕ ልበ ወለድ ብምንታይ ይፍለጥ?,ብበዝሒ ቃላቱ ወይ ብገፃቱ,unmatched,0.538,
tigqa-073-14,73,,ነዊሕ ልቢ ወለድ,ነዊሕ ልበ ወለድ ካብ ሓፂር ልበ ወለድ ብምንታይ ይፍለ?,ብበዝሒ ቃላቱ,unmatched,0.714,
tigqa-073-15,73,,ነዊሕ ልቢ ወለድ,ብዝሒ ቃላት ሓፂር ልቢ ወለድ ክንደይ እዩ?,ካብ 500 – 5000,unmatched,0.5,
tigqa-073-18,73,,ነዊሕ ልቢ ወለድ,ውዲት ውህደት ማለት እንታይ ማለት እዩ?,ልቢ ወለድ ናይ ዘለው ፍፃመታት ምኽንያታዊ ምትእስሳር,fuzzy,0.778,ልቢ ወለድ ናይ ዘለው ፍፃመታት ምኽንያታዊ
tigqa-073-20,73,,ነዊሕ ልቢ ወለድ,ኣብ ነዊሕ ልቢ ወለድ ዘለው ፍፃመታት እንታይ ዘለዎም እዮም?,ዕመቆት,unmatched,0.5,
tigqa-073-22,73,,ነዊሕ ልቢ ወለድ,ገፀ ባህሪ እንታይ የንፀባርቕ?,ንተግባርን ኣተሓሳስባን ዝነብርሉ ከባቢ,unmatched,0.667,
tigqa-073-39,73,,ነዊሕ ልቢ ወለድ,ነዊሕ ልበ ወለድ እንታይ ዘለዎ እዩ?,ውዲት ዘለዎን ሌጣ ፅሑፍን,fuzzy,0.923,ውዲት ዘለዎን ሌጣ ፅሑፍ
tigqa-074-09,74,,ግደ ማሕበረሰብ ኣብ ጥዕና,ንናቑጣ ጥዕና ሒዋነ ዝከታተሉ እንመን እዮም?,ሰብ ሞያ ጥዕና ከተማ ዓዲጉደም,unmatched,0.667,
tigqa-074-11,74,,ግደ ማሕበረሰብ ኣብ ጥዕና,ኣብ ትግራይ ብ2011 ዓ.ም.ፈ ካብ ሚኢቲ ሽሕ ኣዴታት ብምኽንያት ሕርሲ ዝሞታ ክንደይ እየን?,ክልተ ሚኢትን ዓሰርተ ሸውዓተን,fuzzy,0.75,ክልተ ሚኢትን ዓሰርተ ሸ
tigqa-074-14,74,,ግደ ማሕበረሰብ ኣብ ጥዕና,ኣዶ ምስ ወለደት እንታይ ትበልዕ?,ግዓት,unmatched,0.667,
tigqa-075-03,75,,ቀሊል መከላኸሊ በዝሒ ደም,ፖታሽየም ምምጋብ እንታይ ይከላኸል?,በዝሒ ደም ምንካይ,unmatched,0.556,
tigqa-075-04,75,,ቀሊል መከላኸሊ በዝሒ ደም,ፖታሽየም ምምጋብ እንታይ ይከላኸል?,ንሃንደበታዊ ውቅዒት ሓንጎል,unmatched,0.533,
tigqa-075-07,75,,ቀሊል መከላኸሊ በዝሒ ደም,ከኒናታት ካብ ምውሓጥ እንታይ ክንጥቀም ኣለና?,ፖታሽየም ዝሕዙ ዓይነታት ምግቢ,unmatched,0.688,
tigqa-075-08,75,,ቀሊል መከላኸሊ በዝሒ ደም,ፖታሽየም ዝትክኡ ዓይነታት ምግቢ እንታይ እዮም?,ኮሚደረ 'ፅማቕ ኮሚደረ' ሙዝን ድንችን,unmatched,0.3,
tigqa-075-09,75,,ቀሊል መከላኸሊ በዝሒ ደም,ካብ ፖታሽየም ዝትክኡ ዓይነታት ምግቢ ምምጋብ ብተወሳኺ እንታይ ክንገብር ኣለና?,ስፖርታዊ ምንቅስቓስ ምክያድ,unmatched,0.467,
tigqa-075-10,75,,ቀሊል መከላኸሊ በዝሒ ደም,ብሕሱር ዋጋ ዝርከቡ ዓይነታት ምግቢ እንታይ እዮም?,ድንች' ሙዝ' ኮሚደረ,unmatched,0.364,
tigqa-076-02,76,,ክውለድ’የ,ኣደይ እንታይ ትፅበ ነይራ?,ከብዳ ክትረአ,unmatched,0.429,
tigqa-076-03,76,,ክውለድ’የ,ጥንሲ ኣብ ክንደይ ወርሑ ተዛሪቡ?,ኣብ ሰለስተ ወርሑ,unmatched,0.333,
tigqa-076-04,76,,ክውለድ’የ,እቲ ጥንሲ ክንደይ ጊዜ ተገልቢጡ?,ክልተ ጊዜ,unmatched,0.6,
tigqa-076-05,76,,ክውለድ’የ,እቲ ጥንሲ ከመይ ተዛሪቡ,አይፍለጥን ተኣምር ፈጣሪ እዩ,unmatched,0.467,
tigqa-077-02,77,,ኣመዛዛኒ ድርሰት,ድርሰት ክንደይ ተፃረርቲ ሐሳባት ኣለዎ?,ክልተ ወይ ልዕል ክልተ,unmatched,0.636,
tigqa-079-03,79,,ናፍቖት,ናፍቖት ብምንታይ ይግለፅ?,ብትዝታ መዐጀቢ,unmatched,0.5,
tigqa-079-05,79,,ናፍቖት,ናፍቆት እንታይ ይገብር?,ብርክኻን ኣፍ ልብኻን የጣብቕ,fuzzy,0.733,ብርክኻን ኣፍ ልብኻን
tigqa-080-19,80,,ኣሜባ,ሳዕቤናት ሕማም ኣሜባ እንታይ እዮም?,ደም ምውፃእ፣ረኽሲ ጉበትን ምሕባጥ ኮላይተስምን,unmatched,0.44,
tigqa-080-22,80,,ኣሜባ,ሕማም ኣሜባ ብምንታይ ይመሓላለፍ?,ብሊስት ዝተበከለምግብ,fuzzy,0.75,ስት ዝተበከለ ምግ
tigqa-080-25,80,,ኣሜባ,ሃመማታት ኣብ ምንታይ ይዓልቡ?,ኣብ ምግብን ማይን,fuzzy,0.778,ምግብን ማይን
tigqa-080-30,80,,ኣሜባ,ኣብ ሜዳ ዝተፈተነ ፍታን ብምንታይ ናብ ሩባ ይኣቱ?,ብውሕጅ,unmatched,0.25,
tigqa-080-32,80,,ኣሜባ,ሕማም ኣሜባ ንምክልኻል እንታይ ክንገብር ይግበአና?,ከባቢና ምፅራይ,unmatched,0.625,
tigqa-080-33,80,,ኣሜባ,ንበልዖን ንሰትዮን ብምንታይ ክትንከፍ የብሉን?,ብሃመማታት,fuzzy,0.833,ሃመማታት
tigqa-081-01,81,,ግደ ኣረጋውያን,ኣረጋዊ እንታይ ማለት እዩ?,ብዕድመ ዝፀንሐ ዝኣረገ,unmatched,0.417,
tigqa-081-04,81,,ግደ ኣረጋውያን,ኣረጋዊ እንታይ ይገብር?,ኣብ መንጎ ዝተበኣሱ ሰባት ኣትዩ የተዓርቕ,unmatched,0.476,
tigqa-081-06,81,,ግደ ኣረጋውያን,ኣረጋዊ እንታይ ዝተባረይሉ ኣካል እዩ?,ሃብትን ንዴትን ሰሓቕን ብኽያትን,unmatched,0.529,
tigqa-081-08,81,,ግደ ኣረጋውያን,ኣረጋዊ ብምንታይ ኣይኹርን?,ብንእሽተይ ነገር,unmatched,0.667,
tigqa-081-09,81,,ግደ ኣረጋውያን,ኣረጋዊ ብምንታይ ይምሰል?,ብሊቅ,unmatched,0.667,
tigqa-081-13,81,,ግደ ኣረጋውያን,ጠባይ ቁልዕነት እንታይ ይገብር?,ዘብኪ ዘሕዝንኣሕሲሙ ዖም ዘውዕል ዘሕድር,unmatched,0.476,
tigqa-081-15,81,,ግደ ኣረጋውያን,ኣረጋዊ እንታይ ይገብር?,ይመክር ይዓርቕ,unmatched,0.25,
tigqa-081-20,81,,ግደ ኣረጋውያን,ኣረጋዊ ንመን የምህር?,ንመንኣሰይ,unmatched,0.5,
tigqa-081-22,81,,ግደ ኣረጋውያን,እንስሳት በረኻ ኣብ እንታይ ዝበለ እዋን ካብ ድሮም ይወፁ?,ፀሓይ ኣብ ዝወፀሉ,unmatched,0.333,
tigqa-081-25,81,,ግደ ኣረጋውያን,ስንስሳ ንምህዳን እንታይ ክንገብር የብልናን?,ሳዕሪ ጠሻሕሻሕቈዕሊ ክነነቓንቕስ,unmatched,0.444,
tigqa-081-26,81,,ግደ ኣረጋውያን,ዓቀይታይ እንታይ ይሰርሕ?,ሃገር ምስ ሰቡ ተሰሊፉ ብትብዓት ዘተዋግእ,fuzzy,0.762,ሃገር ምስ ሰቡ ተሰሊፉ ብትብዓት
tigqa-081-28,81,,ግደ ኣረጋውያን,ፀላኢ እንታይ ይገብር?,ሃገር ይወርር,unmatched,0.429,
tigqa-081-29,81,,ግደ ኣረጋውያን,ኣብ ውግእ ብምንታይ ትዋጋእ?,ብጉራደ ብሃኔ ብብረት,unmatched,0.364,
tigqa-082-01,82,,ርግበ,ርግበ ክንደይ ክፍሊ ተፈታኒት እያ?,ዓስራይ,unmatched,0.5,
tigqa-082-06,82,,ርግበ,ጓል ናይ ምንታይ መሰል ኣለዋ?,ናይ ምምሃር,unmatched,0.667,
tigqa-082-08,82,,ርግበ,ርግበ እንታይ ግዝኡለይ ትብል?,መፅሓፍቲ,unmatched,0.4,
tigqa-082-12,82,,ርግበ,ንርግበ ኣዲኣ ኣብ ገዛ እንታይ ይገብራ?,ገዛ ይኹስትራ ይልምፃ,unmatched,0.636,
tigqa-082-15,82,,ርግበ,ርግበ ኣቦኣ እንትሓትዋ እንታይ ይስመዓ?,ሓበን ይስምዓ,unmatched,0.429,
tigqa-082-16,82,,ርግበ,ርግበ ንዘይተረደኣ እንታይ ትገብር?,ትሓትት,unmatched,0.5,
tigqa-082-19,82,,ርግበ,መዓልቲ ፈተና ክኣክል ክንደይ መዓልቲ ተሪፉ?,ሓደ መዓልቲ,unmatched,0.667,
tigqa-083-08,83,,ወልፊ ጫትን መዘዙን,ውፅኢት ጫት እንታይ የምፅእ?,ልዑል ፀቕጢ ደም ስእነት ዕረፍቲ,unmatched,0.5,
tigqa-083-09,83,,ወልፊ ጫትን መዘዙን,ሰብ ጫት ምጥቃም ጠጠው እንተቢሉ እንታይ ይኸውን?,ውጥረት ኣእምሮን የጋጥሞ,unmatched,0.692,
tigqa-083-10,83,,ወልፊ ጫትን መዘዙን,ኣብ ክንደይ ተጠቀምቲ ጫት መፅናዕቲ ተገይሩ?,ልዕሊ 66 ተጠቀምቲ,unmatched,0.5,
tigqa-083-12,83,,ወልፊ ጫትን መዘዙን,ምልክታት ጫት ዝበልዑ ሰባት እንታይ እዩ?,ርሃፅ' ወሰኽ ሙቐት' ምድራቕ ኣፍ,unmatched,0.353,
tigqa-083-13,83,,ወልፊ ጫትን መዘዙን,ሽጋራ ዘትክኹ ክንደይ ሚኢታዊ እዮም?,ካብ 66-70ሚኢታዊ,fuzzy,0.818,66 - 70 ሚኢታዊ
tigqa-083-16,83,,ወልፊ ጫትን መዘዙን,ንጫት እንታይ ይጎድኦ?,ኣልኮላዊ መስተን ሽጋራን,unmatched,0.692,
tigqa-084-09,84,,ዝተቐበረ ወርቂ,ኣደይ ኣዝመራ መትረብ ኣብ ክንደይ ወርሒ ኩዒተን?,ኣብ ሰለስተ ወርሒ,unmatched,0.667,
tigqa-084-11,84,,ዝተቐበረ ወርቂ,ግራት ኣደይ ኣዝመራ ብምንታይ ማዕሪጉ?,ብሓምለዎት ተኽልታት,unmatched,0.545,
tigqa-084-12,84,,ዝተቐበረ ወርቂ,ኣደይ ኣዝመራ ከቕስነን ዘይከኣለ እንታይ እዩ?,ደቀን ፍልጠት ዝረኸቡ ኣይመስለንን,fuzzy,0.833,ፍልጠት ዝረኸቡ ኣይመስለንን
tigqa-084-14,84,,ዝተቐበረ ወርቂ,ደቂ ኣደይ ኣዝመራ ሓሳቦም እንታይ እዩ?,ናብ ከተማ ምእታው,unmatched,0.556,
tigqa-084-18,84,,ዝተቐበረ ወርቂ,ደቂ ኣደይ ኣዝመራ መሰረት ምዕባለ እዩ ዝብልዎ እንታይ እዩ?,ዓበይቲ ፋብሪካታት ትካላት ንግዲ,unmatched,0.588,
tigqa-084-19,84,,ዝተቐበረ ወርቂ,ኣደይ ኣዝመራ እንታይ ይድንፅወን?,ደቀን ብዛዕባ ምዕባለ ከተማ እንትነግርወን,unmatched,0.364,
tigqa-084-20,84,,ዝተቐበረ ወርቂ,ሰባት እንታይ በሊዖም እዮም ዝሰርሑ?,ምግቢ,unmatched,0.667,
tigqa-084-24,84,,ዝተቐበረ ወርቂ,ኣደይ ኣዝመራ ንደቀን እንታይ ኣውሪሰነኦም?,ዘላተን ግራት,unmatched,0.571,
tigqa-084-25,84,,ዝተቐበረ ወርቂ,ደቂ ኣደይ ኣዝመራ ነቲ ግራት እንታይ ክንገብሮ ኢና ኢሎም?,ሸይጦም ክማቐልዎ,unmatched,0.222,
tigqa-085-02,85,11 ክፍሊ,መንበሪ ገዛ,ክፍልታትዝመቅልመጋየሺሳሎንእንታይኮይኑይረአ?,ኣንጋሕጢጡ,fuzzy,0.833,ንጋሕጢጡ
tigqa-085-03,85,11 ክፍሊ,መንበሪ ገዛ,እቲገዛብምንታይዝደመቐእዩ?,ብሓደሽቲመጋየፂ,unmatched,0.444,
tigqa-085-05,85,11 ክፍሊ,መንበሪ ገዛ,ኣብቲ ገዛ እንታይ ተሰቒሎም ይረኣዩ?,ኣሳፍእ፣ስእሊ፣መሶብወርቅንባህላዊኣቑሑትን,unmatched,0.36,
tigqa-086-04,86,,ሓረስታይ,እቲሓመድእንታይኣለዎ?,ጠቐምቲመዓድናት,unmatched,0.444,
tigqa-087-02,87,,ደቂ ኣንስትዮ,ወሓላሉ ቀደም መጎጎ ብምንታይ የኣጉዳ?,ብዕንጨቲ ኣርየንን ፈሊፀንን,unmatched,0.333,
tigqa-087-03,87,,ደቂ ኣንስትዮ,ደቂ ሎሚ መጎጎ ብምንታይ ይጥቀማ?,ብኤሌክትሪክ,fuzzy,0.857,ኤሌክትሪክ
tigqa-087-04,87,,ደቂ ኣንስትዮ,እኖታት ቀደም ምግቢ ካብ ምንታይ የዳልዋ?,ብተፈጥሮ ዝርኸበኦ ተሞክሮ,unmatched,0.429,
tigqa-087-05,87,,ደቂ ኣንስትዮ,ደቂ ሎሚ ምግቢ ካብ ምንታይ የደልዋ?,መፅሓፍቲ ብምንባብን ካብ ተመጢኑ ዝተዳለወ ቅመምን,unmatched,0.346,
tigqa-088-03,88,,sንs,ዝርርብን ፅሑፍን እንታይ የመሳስሎም?,ተሳትፎ ክልተ ኣካላት ዝሓትት ብምዃኑ,unmatched,0.684,
tigqa-088-04,88,,sንs,ዝርርብን ፅሑፍን እንታይ የፈላልዮም?,ፅሑፍ ሓደ ኣንፈት ሓበሬታ ዝኽተል እንትኸውን ዝርርብ ግና ሓበራዊ ተሳትፎ ይሓትት,unmatched,0.439,
tigqa-088-05,88,,sንs,ፅሑፍን ዝርርብን ሜላ ኣቀራርበኦም እንታይ እዩ?,ፅሑፍ ዕሙቕነት እንትጥቀም ዝርርብ ግና ግልፅነት ዝተላበሰ እዩ,unmatched,0.688,
tigqa-088-10,88,,sንs,ኣን ሞንጎ ቋንቋታት እንታይ የለን?,ምብልላፅ ወይ ምንእእስሰ,fuzzy,0.769,ምብልላፅ ወይ ምንእ
tigqa-089-02,89,,መንእሰይ ማዕኸን ሓድግታት,ፈላማይ ብርኪ ምግዳል እንታይ እዩ?,ተዓሊም,unmatched,0.5,
tigqa-089-03,89,,መንእሰይ ማዕኸን ሓድግታት,ንናብራ ገድሊዝግበርቅድመምድላውኩነት እንታይ እዩ?,ተላዒም,unmatched,0.5,
tigqa-089-04,89,,መንእሰይ ማዕኸን ሓድግታት,ታዕሊም ንምእታው እንታይ የድሊ?,ዕድመ ኣካል ጥንካረ,unmatched,0.4,
tigqa-089-06,89,,መንእሰይ ማዕኸን ሓድግታት,ስልጣነ ኣክሱም ንምîናዕ እንታይ ተገይሩ?,ዕቱብ íዕሪ,unmatched,0.5,
tigqa-089-07,89,,መንእሰይ ማዕኸን ሓድግታት,እቲ íዕሪ እንታይ ይ¤¤ውን ኣሎ?,ይቕîል,unmatched,0.5,
tigqa-089-09,89,,መንእሰይ ማዕኸን ሓድግታት,ነታ ሃገር ክህቦ ዝድለ ረብሓ እንታይ ገይርዎ?,ክንድትዝድለ ክይ;¤ውን,unmatched,0.538,
tigqa-089-10,89,,መንእሰይ ማዕኸን ሓድግታት,ተጀሚሩ ዘሎ መîናዕትን ምርምርን እንታይ መሰረት ዝገበረ እዩ?,ኣብ ሓለዋን îገናን ሓድጊ,unmatched,0.462,
tigqa-089-12,89,,መንእሰይ ማዕኸን ሓድግታት,ኣርኪዮሎጂያዊ መፅናዕቲ ኢትዮጵያ ኣብ ምንታይ የተኩር ነይሩ?,ኣዕîምቲ'ኣእማንን ስነ ህንíን,unmatched,0.294,
tigqa-089-13,89,,መንእሰይ ማዕኸን ሓድግታት,ሓወልትን ፅሑፍን ዘይብሎም ብሄራት፣ብሄረሰባት እንታይ የብሎምን ኣይበሃልን?,ታሪክ,unmatched,0.667,
tigqa-089-14,89,,መንእሰይ ማዕኸን ሓድግታት,ሓወልትን ፅሑፍን ዘይብሎም ብሄራት፣ብሄረሰባት እንታይ ኣለዎም?,ሰፊሕ ታሪክ,fuzzy,0.833,ሰፊሕ ታሪ
tigqa-089-15,89,,መንእሰይ ማዕኸን ሓድግታት,ኣብ ዕለታዊ መሳርሕታቶም እንታይ ክገብሩ ይግባእ?,ብዕምቆት ክîንዑ,unmatched,0.667,
tigqa-089-21,89,,መንእሰይ ማዕኸን ሓድግታት,ኣብ ኣክሱም ኣብ ክንደይ ክ/ዘመን ህዝቢ ቆፀራ ተኻይዱ?,ኣብ 5ይ ክ/ዘመን,unmatched,0.556,
tigqa-089-22,89,,መንእሰይ ማዕኸን ሓድግታት,ኣብ ኣክሱም ክንደይ ህዝቢ ይነብር ነይሩ?,ካብ 10‚000-20‚000,unmatched,0.4,
tigqa-089-24,89,,መንእሰይ ማዕኸን ሓድግታት,ኣብቲ ኳዕቲ እንታይ ተረኺቦም?,ስኒ ሓርማዝ' ስርሓት ውሽጢ ሃገር ዝኾኑ ሻሻት,unmatched,0.696,
tigqa-089-25,89,,መንእሰይ ማዕኸን ሓድግታት,ካብ ከባቢ ሜዲትራንያን ሃገራት ዝመፁ እንታይ እዮም?,ዝተሰባበሩ ስርሓት ሸክላ' ካብ ወርቅን ብሩርን መዳብን ዝተሰርሑ ሳናቲም,unmatched,0.27,
tigqa-089-30,89,,መንእሰይ ማዕኸን ሓድግታት,ሓራምዝ ንምንታይ ግልጋሎት ይውዕሉ?,ንግልጋሎት መÕዓዝያ,unmatched,0.636,
tigqa-089-31,89,,መንእሰይ ማዕኸን ሓድግታት,ኣክሱማውያን ነዞም ዓበይቲ ሓወልትታት ብምንታይ ኣÕዓዒዝዎም?,ብጉልበት ሓርማዝ,fuzzy,0.889,ጉልበት ሓርማዝ
tigqa-089-33,89,,መንእሰይ ማዕኸን ሓድግታት,ብዕምቆት ንምርዳእ እንታይ ተጀሚሩ?,ዓይኒ sሕ ምባል,unmatched,0.5,
tigqa-089-42,89,,መንእሰይ ማዕኸን ሓድግታት,ኣክሱም ወኪል እንታይ እያ?,ወኪል ሃገር,unmatched,0.5,
tigqa-089-43,89,,መንእሰይ ማዕኸን ሓድግታት,ግዝኣት እክሱም ኣበይ የበፅሕ ነይሩ?,ካብ ቀይሕ ባሕሪ ጀሚሩ ክሳብ ጎንደር ሰሜን ወሎ,unmatched,0.478,
tigqa-089-45,89,,መንእሰይ ማዕኸን ሓድግታት,ዓብዪ ወደብ ኣክሱም እንታይ ይበሃል?,እዶሊስ,fuzzy,0.75,ዶሊስ
tigqa-089-46,89,,መንእሰይ ማዕኸን ሓድግታት,መብዛሕቲኦም ጥንታውያን ስልጣነ ዓለም ዝተጀመሩሉ ኣበይ እዩ?,ዋሕዚ ሩባ ኣብ ዘለዎ ከባብታት,unmatched,0.667,
tigqa-089-47,89,,መንእሰይ ማዕኸን ሓድግታት,ከተማ ኣክሱም ፍሉይ ዝገብሮ እንታይ እዩ?,ካብ ዋሕዚ ሩባ ርሕቕ ኢሉ ስለዝርከብ,unmatched,0.278,
tigqa-089-48,89,,መንእሰይ ማዕኸን ሓድግታት,ቴክኖሎጂ ኣክሱም ፍልይ ዝገብሮ ብምንታይ እዩ?,ናይ ባዕሎም ምዕባለ ኣንፈት ተሊሞም ዝኸዱ ብምዃኖም,unmatched,0.692,
tigqa-090-02,90,,ፅሑፍ ወግዒ,ስነ ፅሑፍ ክንደይ ክፋላት ኣለዉዎ?,ክልተ፦ ፅሑፍ ምህዞን ምህዞ ዘይብሉ ፅሑፍን,unmatched,0.318,
tigqa-090-05,90,,ፅሑፍ ወግዒ,ሓደ ፀሓፊ ትሕዝቶ ፅሑፉ ካበይ ይረኽቦም?,ካብ ዕለታዊ ተÕንፍኡ,unmatched,0.545,
tigqa-090-08,90,,ፅሑፍ ወግዒ,ፀሓፊ ወግዒ ዘውግዖም ዓይነት ፅሑፍ እንታይ ዓይነት እዩ?,ብናቱ በሊሕ ኣእምሮ ዝተመሰሉ,unmatched,0.667,
tigqa-090-09,90,,ፅሑፍ ወግዒ,ወግዒ ተመሲጦም ዝከታተሉ መንበብቲ ፅቡቕ እንተኾይኑ እንታይ ይብሉ?,ፍሽኽ ይብሉ,unmatched,0.5,
tigqa-090-10,90,,ፅሑፍ ወግዒ,ወግዒ ተመሲጦም ዝከታተሉ መንበብቲ ሕርፍፍ እንተኾይኑ እንታይ ይብሉ?,በትዕዝብቲ ይከታተልዎ,unmatched,0.417,
tigqa-090-11,90,,ፅሑፍ ወግዒ,ብመንፅር ቆላሕታ እንትድህሰስ ፅሑፍ ወግዒ ኣብ ምንታይ ይጥምት?,ኣብ ዝተወሰነ ዋኒን,fuzzy,0.8,ዝተወሰነ ዋኒን
tigqa-090-16,90,,ፅሑፍ ወግዒ,ንዘረባ ዘረባ የምፅኦ ንሓመድ መን የውፅኦ?,ድጉሪ,unmatched,0.333,
tigqa-090-17,90,,ፅሑፍ ወግዒ,ብልሓታት ኣፀሓሕፋ እንታይ እዮም?,ዘንታዊ ሓባሪ ተዋስኦ,unmatched,0.364,
tigqa-090-20,90,,ፅሑፍ ወግዒ,ፅሑፍ እንታይ ኮይኑ ክቀርብ ኣለዎ?,መቐረቱ ተላቢሱ እናዋዘየ ክቐርብ,unmatched,0.529,
tigqa-090-21,90,,ፅሑፍ ወግዒ,ባህሪ ወግዒ እንታይ እዩ?,ኣብ መንጎ ደራስን ተደራስን ዘሎ ውሽጣዊ ምርድዳእ ዝዓሰሎ እዩ,fuzzy,0.839,ንጎ ደራስን ተደራስን ዘሎ ውሽጣዊ ምርድዳእ ዝዓሰሎ
tigqa-090-23,90,,ፅሑፍ ወግዒ,ኣብ መንጎ ደራስን ተደራስን ዝፍጠር ምትእስሳር እንታይ ዓይነት እዩ?,ኣብ መንጎ መሳቱ ዝግበር ዓይነት ወግዒ,unmatched,0.368,
tigqa-090-26,90,,ፅሑፍ ወግዒ,መንነት ደራሲ ዝሽፈነሉ ኣበይ እዩ?,ኣብ ልቢ ወለድ፣ግጥሚ፣ተዋስኦን,fuzzy,0.882,ልቢ ወለድ፣ግጥሚ፣ተዋስኦን
tigqa-090-28,90,,ፅሑፍ ወግዒ,ደራሲ ፅሑፍ ሓደ ርእሰ ጉዳይ እንታይ ከይገበረ ኣየቕርቦን?,ብናቱ ሚዛን ከይመዘነን ብናቱ ድሌት ክይቃነየን,unmatched,0.458,
tigqa-090-29,90,,ፅሑፍ ወግዒ,እቲ ዝቐርብ ስራሕ ብዛዕባ ሓደ ዋኒን ኮይኑ ኣብ ምንታይ ጥራሕ ተጊኑ ዝቐርብ ኣይኮነን?,ኣብ ዝተፈላለዩ ብልዕታት ወጊኑ,unmatched,0.688,
tigqa-090-30,90,,ፅሑፍ ወግዒ,መንነት ፀሓፊ ብምንታይ ይግለፅ?,ብወግዒ ተሳፊጡ,unmatched,0.5,
tigqa-090-31,90,,ፅሑፍ ወግዒ,ላዛ እንታይ እዩ?,ሓደ ፅሑፍ ብስሩዕ መልክዕ ዝፍለጠሉ,fuzzy,0.889,ሓደ ፅሑፍ ብስሩዕ መልክዕ ዝፍለ
tigqa-090-34,90,,ፅሑፍ ወግዒ,ፅሑፍ ወግዒ ዝርከቡ ላዛታት ትዕዝብቲ፣ ለግፂ ካብዚ ዝሓለፈ ኣሽሙር ምዝራብ ንስምዒት መን ይትንክፍ?,ንተደረስቲ,fuzzy,0.833,ተደረስቲ
tigqa-091-07,91,,ክትዕ,ድሌትን ተበግሶን ዘይብሉ ሰብ ናብ ትክዕ ክተእተዎ እንተፈቲንካ እንታይ ይገብር?,ኣብ ቁምነገር ካሊእ ሓሳብ ይሓውስ,unmatched,0.647,
tigqa-091-08,91,,ክትዕ,ኣብ ሓደ እንግዶት ክትዕ ዝተፀውዐ ዕዱም እንታይ ክብል ይኽእል?,ብጥዑይ ልሳን እናተዛረበ ፀኒሑ ሓያል ሰዓል ከምዝሓዞ ብምምሳል ትኽትኽ ይብል,fuzzy,0.923,ብጥዑይ ልሳን እናተዛረበ ፀኒሑ ሓያል ሰዓል ከምዝሓዞ ብምምሳል ትኽትኽ
tigqa-091-10,91,,ክትዕ,ዓው ኢሉ እንተደሪፉ እንታይ ይ§ን?,ጎሮርኡ ይዕፆ,unmatched,0.286,
tigqa-091-11,91,,ክትዕ,ዝ§ነ ነገር ብዘይደሌት ዝትግበር እንታይ ኣይ¤ውንን?,ዕውት,unmatched,0.333,
tigqa-091-13,91,,ክትዕ,ቅዋም ሒዝካ ምስታፍ እንታይ እጃም ኣለዎ?,ንምዕባለ ማሕበራዊ መነባብሮ ሃናፃይ ዝ§ነ,fuzzy,0.909,ንምዕባለ ማሕበራዊ መነባብሮ ሃናፃይ ዝ
tigqa-091-14,91,,ክትዕ,ፅቡቕ ዘተ ካብ መን ይርከብ?,ካብ ፈላጥ ሰብ,unmatched,0.714,
tigqa-092-01,92,,ዓመፅ ታሪክን ጎንፅን,ድርሰት ልበወለድ እንታይ እዩ?,መርአዪ መስትያት ዓለም,unmatched,0.5,
tigqa-092-03,92,,ዓመፅ ታሪክን ጎንፅን,ንልበወለድ ሰረት ዝ§ነ እንታይ እዩ?,ዝተፈለለዩ ባእታታት,unmatched,0.455,
tigqa-092-04,92,,ዓመፅ ታሪክን ጎንፅን,ባእታታት ልቢወለድ እንታይ እዮም?,ዛንታ' ዓመፅ' ገፀባህሪያት' ግንፅን መዓበይን,unmatched,0.32,
tigqa-093-01,93,,ድርሰት ልቢ ወለድ,ብዛዕባ ዛንታ ፅሑፍ እንትውጋዕ መን ኣይተርፍን?,ገፀባህሪያት,unmatched,0.571,
tigqa-093-02,93,,ድርሰት ልቢ ወለድ,ሰብ ዋና ታሪክ መን እዩ?,ገፀባህሪያት,unmatched,0.571,
tigqa-093-04,93,,ድርሰት ልቢ ወለድ,ገፀባህሪያትብምንታይ ይጓነፁ?,ብኣፈላላይ ድሌትን ዕላማን,fuzzy,0.929,ኣፈላላይ ድሌትን ዕላማን
tigqa-093-06,93,,ድርሰት ልቢ ወለድ,ዓመፅ ታሪክ እንታይ እዩ?,ኣብ ሓደ ልቢ ወለድ ዛንታ እንታይ ተፈፂሙ? ንምንታይ ተፈፂሙ? ኢልና ንሓቶ ሕቶ ንረኽበሉ መልሲ እዩ,unmatched,0.469,
tigqa-093-11,93,,ድርሰት ልቢ ወለድ,መሓውራት ልበወለድ እንታይ እዮም?,ዛንታን ዓመፅ ታሪክን,unmatched,0.455,
tigqa-093-12,93,,ድርሰት ልቢ ወለድ,ዛንታን ዓመፅ ታሪክን እንታይ ባህሪ ኣለዎም?,ዝፈላልይሉን ዝመሳሰልሉን,unmatched,0.286,
tigqa-093-16,93,,ድርሰት ልቢ ወለድ,ኣብ ወድዓዊ ዓለም ዘለዉ ሰባት ንናብረኦም ዝ§ኑ ነገራት ተዘይረኺቦን እንታይ ክፍጠር ይኽእል?,ሕቶ ሞትን ሕውየትን,unmatched,0.6,
tigqa-093-17,93,,ድርሰት ልቢ ወለድ,ዘይምስናይ ብምንታይ ይፈጥር?,ብድሌትን ዕላማን,fuzzy,0.889,ድሌትን ዕላማን
tigqa-093-21,93,,ድርሰት ልቢ ወለድ,ባህሪ ጎንፂ እንታይ እዩ?,ኣብ ብቑዕ ዝኾነ ምኽንያት ዝምስረት,fuzzy,0.722,ኣብ ብቑዕ ዝኾነ ምኽንያት
tigqa-093-27,93,,ድርሰት ልቢ ወለድ,ተፃባእቲ ወገናት እንታይ ክ§ኑ ይግባእ?,ተመጣጠንቲ,unmatched,0.5,
tigqa-095-01,95,,ፅርግያ,እቲ ፅርግያ ብዘበነ መን ተሰሪሑ,ብዘበነ ጣልያን,unmatched,0.5,
tigqa-095-03,95,,ፅርግያ,እማሆይ ተኽኽኣ እንታይ ዓይነት መኪና ሪአን?,ኢነትረ መኪና ፅዕነት,unmatched,0.636,
tigqa-097-01,97,,ብልሓታት ልቢ ወለድ,መሰረት ህልውና ፅሑፍ ፈጠራ እንታይ እዩ?,ብልሓታት ልበወለድ,unmatched,0.6,
tigqa-098-02,98,,መቐረት ቋንቋ,መቐረት ብምንታይ ይዕቀን?,ምልኣት ፈጢሩ ንዝሰምዖ ሰብ ብዝህሉዎ ምትእስሳር,unmatched,0.52,
tigqa-098-04,98,,መቐረት ቋንቋ,መሰረታዊ መልክዕ መቐረት እንታይ እዮም?,መሀንጠዊ ማራኺ ሰሓባይ ቀልቢ,unmatched,0.467,
tigqa-098-05,98,,መቐረት ቋንቋ,ፅቡቕ ስነ ፅሑፋዊ ቋንቋ ባህሪ እንታይ እዩ?,መልእኽቲ ዕዉት ክኸውን ናይ ምግባር ምትሃት,fuzzy,0.773,ዕዉት ክኸውን ናይ ምግባር ምትሃት
tigqa-098-06,98,,መቐረት ቋንቋ,መቐረት ቋንቋ ብምንታይ ይግለፅ?,ብብልሓታትን ብኣገባባትን,unmatched,0.429,
tigqa-098-08,98,,መቐረት ቋንቋ,ምስላዊ ኣዘራርባ እንታይ እዩ?,ሓደ ሰብ ዝተሰምዖ ስምዒት ብፅሑፍ ዝመሓላለፍሉ,unmatched,0.417,
tigqa-098-12,98,,መቐረት ቋንቋ,ምስላዊ ኣዘራርባ ኣፈጣጥርኡ እንታይ ኣይኮነን?,ሕቡእ ሚሽጥር,unmatched,0.429,
tigqa-098-14,98,,መቐረት ቋንቋ,ሓድሽነት ምስላዊ ቋንቋ እንታይ ማለት እዩ?,ካብ ልሙድ ኣጠቓቕማ ቋንቋ ውፅእ ዝበለ ኣገላልፃ,unmatched,0.542,
tigqa-098-15,98,,መቐረት ቋንቋ,መስላዊ ኣዘራርባ ብምንታይ ይፍለ?,ኣብ ዕለታዊ ተጓንፎና ስምዒት ዝትንክፍ ካብ ዘይብሉ ልሙፅ ዘረባ ዝተፈለየ ሕብርን ባህርይን ስለዘለዎ,fuzzy,0.902,ኣብ ዕለታዊ ተጓንፎና ስምዒት ዝትንክፍ ካብ ዘይብሉ ልሙፅ ዘረባ ዝተፈለየ ሕብርን ባህርይን
tigqa-098-24,98,,መቐረት ቋንቋ,ብሩህ፣ቅቡልን ሰሓባይን ንምግባር፣ኣግዚፉ ዘርእይ መስትያት ተምሳሌት እንታይ እዩ?,ብቐሊሉ ክረአይ ዘይኝእል ትሕዝቶ,unmatched,0.353,
tigqa-098-28,98,,መቐረት ቋንቋ,ሓባራዊ ተምሳሌት እንታይ እዩ?,ሰባት ቦታ ፣ግዘ፣ ዘርኢ፣ፆታ፣ዕድመ ከይደረቶም ብማዕረ ክረዳድኡሉ ዝኽእሉ,fuzzy,0.923,ቦታ ፣ግዘ፣ ዘርኢ፣ፆታ፣ዕድመ ከይደረቶም ብማዕረ ክረዳድኡሉ ዝኽእሉ
tigqa-098-30,98,,መቐረት ቋንቋ,ሰባት፣ቦታ ፣ግዘ፣ ዘርኢ፣ፆታ፣ዕድመ ከይደረቶም ብማዕረ ክረዳድኡሉ ዝኽእሉ ዓይነት ምስሊ ኣየናይ እዩ?,ሓበራዊ ተምሳሌት,fuzzy,0.778,ራዊ ተምሳሌት
tigqa-098-37,98,,መቐረት ቋንቋ,ተምሳሌት ውልቀ ብናይ መን ውልቃዊ ኣመለኻኽታ ዝውከል እዩ?,ብደራሲ ውልቃዊ ኣመለኽ¥ኽታት,unmatched,0.688,
tigqa-098-38,98,,መቐረት ቋንቋ,ኣብ ተምሳሌት ውልቀ ውክልና ተረዲእኻ፣ ነቲ ምስጢር እቲ ቅኔ ንምፍታሕ፣ እንታይ ይሓትት?,ዓሟቕ ምርምር,unmatched,0.571,
tigqa-099-04,99,,እማርያዊን ፍካርያዊን ትርጉም ቃላት,እማሬያዊ ትርጉም እንታይ ወይ እንታይ ትርጉም የብሉን?,ሕቡእ ወይ ስውር,fuzzy,0.75,ሕቡእ ወይ ስ
tigqa-099-05,99,,እማርያዊን ፍካርያዊን ትርጉም ቃላት,እማሬያዊ ትርጉም ዓይኒ እንታይ እዩ?,ሰባትን እንስሳትን ንምርኣይ ዝጥቀምሉ,unmatched,0.4,
tigqa-099-06,99,,እማርያዊን ፍካርያዊን ትርጉም ቃላት,ፈከረዝብልቃልግእዝብትግርኛትርጉሙእንታይእዩ?,ተርጎመ,unmatched,0.5,
tigqa-099-07,99,,እማርያዊን ፍካርያዊን ትርጉም ቃላት,ፍካሬያዊትርጉም፣እንታይትርጉምቃልዝሓዘእዩ?,ሕቡእ ቃል ትርጉም,unmatched,0.556,
tigqa-099-08,99,,እማርያዊን ፍካርያዊን ትርጉም ቃላት,ፍካሬያዊትርጉም፣ተዛረብቲእቲቋንቋ፣ብማዕረእንታይኣይኾኑሉን?,ኣይረዳድእሉን,unmatched,0.625,
tigqa-099-09,99,,እማርያዊን ፍካርያዊን ትርጉም ቃላት,ፍካሬያዊትርጉም፣ብፍላይእንመንንምርድኡይፅገሙ?,ቆልዑ,unmatched,0.667,
tigqa-100-02,100,,እንታይነት ግጥሚ,ስነ ግጥሚ ምስ ማሕበራዊ ህይወት ወድሰብን ቋንቋን ሓቢሩ ከምዝተፈጠረ መን እዮም ዝገልፁ?,ሰብ ሞያ እቲ ዓውዲ,unmatched,0.667,
tigqa-100-04,100,,እንታይነት ግጥሚ,ንኣጀማምራ ስነግጥሚ ኣመልኪቱ ዝርቋሕ ይትበሃል፣ምስ እንታይ ዝተኣሳሰረ ከምዝኾነ ዝሕብር እዩ?,ምስ ኣምልክ ጣኦት,unmatched,0.556,
tigqa-101-01,101,,,መበቈል ስነግጥሚ ተፈጥሮኣዊ እንታይ ወድሰብ እዩ?,ባህሪያት,unmatched,0.6,
tigqa-101-09,101,,,ግጥሚ ዝዋቐረሎም ባእታታት እንታይ እዮም?,ብርኪ ተለላ ሓረግን ቤትን,unmatched,0.538,
tigqa-102-02,102,,ፅሕፈት,ዝጠበቐ ህርመት፣ምጡንነትን ምሩፃት ቃላትን ናይ ግጥሚ እንታይ እዮም?,ባህሪያት ግጥሚ,unmatched,0.625,
tigqa-102-04,102,,ፅሕፈት,ሓረግ እንታይ እዩ?,ብሓደ ትንፋስ ዝንበብ,unmatched,0.636,
tigqa-102-06,102,,ፅሕፈት,ግጥሚ ናብ ሌጣ ፅሑፍ ምልዋጥ ይከኣል ዶ?,እወ,unmatched,0.5,
tigqa-102-10,102,,ፅሕፈት,እቲ ዝተዳለወ ሌጣ ፅሑፍ፣ከመይ ጌርካ ይእረም?,ደጋጊምካ ብምንባብ,fuzzy,0.9,ጋጊምካ ብምንባብ
tigqa-103-13,103,,ራእሲ ኣሉላ,ኤ፡ቢ፡ዋይልድ ኣሉላ ኣብ 1876 ዓ.ም. ወዲ ክንደይ ዓመት ነይሮም ይብል?,40 ዓመት,fuzzy,0.8,0 ዓመት
tigqa-103-14,103,,ራእሲ ኣሉላ,ኣርሂል ዝበሃል ፀሓፊ ኣሉላ ብክንደይ ዓ.ም. ተወሊዶም ይብል?,ብ1839 ዓ/ም,fuzzy,0.75,ብ1839 ዓ
tigqa-103-21,103,,ራእሲ ኣሉላ,እዋን ቈልዕነት ኣሉላ እንትልዓል፣ኣብ መላእ ትግራይ ዘለዉ ሽማግለታት ዓዲ ዝዛረቡዎ እንታይ ኣሎ?,ዘይርሳዕ ታሪኸኽኽ,unmatched,0.7,
tigqa-104-05,104,,ቃላዊ ሓድጊ,ስነቃል ናይ ባዕሎም ፊደል ቀሪፆም ብፅሑፍ ኣብ ዘይግልገሉ ማሕበረ ሰባት እውን ኣሎ ዶ?,እወ,unmatched,0.5,
tigqa-104-07,104,,ቃላዊ ሓድጊ,ህዝብታት ብስነቃል እንታይ የንፀባርቑሉ?,መልክዕ ሂወቶም,unmatched,0.5,
tigqa-104-09,104,,ቃላዊ ሓድጊ,ፍልፍል ስነቃል እንታይ እዩ?,ተጓንፎታት ማሕበረሰብ,unmatched,0.5,
tigqa-104-18,104,,ቃላዊ ሓድጊ,ስነቃል ጀማሪኡ መን እዩ?,መን መዃኑ ኣትፍለጥን,unmatched,0.364,
tigqa-104-20,104,,ቃላዊ ሓድጊ,ኣብ ምምሕያሽ ስነቃል ኩሉ እንታይ ይገብረሉ?,ኩሉ ኢዱ የእትወሉ,unmatched,0.444,
tigqa-104-21,104,,ቃላዊ ሓድጊ,እንታይን እንታይን ስነቃል እዩ ማሕበራዊ?,ኣፈጣጥራነ ትግበራን,unmatched,0.455,
tigqa-104-28,104,,ቃላዊ ሓድጊ,ኩሎም ሓፀርቲ እዮም ዝበሃሉ ኣየኖት እዮም?,ዝግጠሙ ግጥምታት፣ ዝድረፉ ደርፍታትን ዝፍከሩ ፈኸራታትን,unmatched,0.633,
tigqa-104-29,104,,ቃላዊ ሓድጊ,ፃህያይ እንታይ ይግበር?,ይፅሃይ,unmatched,0.5,
tigqa-104-30,104,,ቃላዊ ሓድጊ,ዓፂድ ብምንታይ ይዕፀድ?,ብማዕፂድ,unmatched,0.4,
tigqa-104-32,104,,ቃላዊ ሓድጊ,መበገሲ ምኽንያታት ስነቃል እንታይ እንታይ እዮም?,መርዓ ሞት ማሕረስ,unmatched,0.444,
tigqa-104-33,104,,ቃላዊ ሓድጊ,ምኽንያታት ኣብ ዘይተረኸቡሉ ስነቃል ምክያድ መቐረትን ግቡእ እንታይን ኣይነብሮን?,መልእኽቲ,fuzzy,0.8,መልእኽ
tigqa-105-02,105,,ኣርኣያ ልምዓት,ካብተን ኣብ ወራር ባዕዲ፣ቅያ ጅግንነት ዝተሰርሐለን ጎበታት መንን መንን ከምዝኾና ይፍለጥ?,ጎቦታት ኣላጀን ሰሎዳን,fuzzy,0.833,ታት ኣላጀን ሰሎዳን
tigqa-105-07,105,,ኣርኣያ ልምዓት,ቀኛዝማች ዘሪሁን ጌታሁን ምስ መን ተዋሲቦም?,ምስ ወይዘሮ ኣስቴር ኣሳሂል,fuzzy,0.857,ወይዘሮ ኣስቴር ኣሳሂል
tigqa-105-41,105,,ኣርኣያ ልምዓት,ብዝሓደሮ እንታይ እዩ ኣርኣያ ካብዚ ዓለም ተፈልዩ?,ይወልድ ይተግብሮም,unmatched,0.5,
tigqa-106-06,106,,ጥበብ ተዋስኦ,ግሪካዊ ፈላስፋ መን ይበሃል?,ሶቅራጠስ,unmatched,0.6,
tigqa-106-13,106,,ጥበብ ተዋስኦ,ንፀልማትብርሃንየድልዮ፤ንህዝቢድማተዋስኦየድልዮ ዝበለ መን እዩ?,ዊልያም ሸክስፒር,unmatched,0.444,
tigqa-106-14,106,,ጥበብ ተዋስኦ,ንተዋስኦ እንታይ ፍሉይ ይገብሮ?,ናይባዕሉመለለዪባህርያትንኣቀራርባን ስለዘለዎ,fuzzy,0.808,ናይ ባዕሉ መለለዪ ባህርያትን ኣቀራርባን
tigqa-106-19,106,,ጥበብ ተዋስኦ,ዕዱማት ኣበይ ይቕመጡ?,ኣብ ወንበር,unmatched,0.667,
tigqa-106-20,106,,ጥበብ ተዋስኦ,ዝካየድ ምንቅስቓስ ብምንታይ ይረኣይ?,ብዓይነይ,fuzzy,0.8,ብዓይነ
tigqa-106-22,106,,ጥበብ ተዋስኦ,ገፀባህሪያት እንታይ እዮም?,ሰባዊ ተግባር ዝፍፅሙ,unmatched,0.636,
tigqa-106-24,106,,ጥበብ ተዋስኦ,ተመልካቲ ዝፎትዎ ገፀባህሪ ፀገም እንተጓንፎ እንታይ ይኾን?,ይሓርቕ,unmatched,0.5,
tigqa-106-25,106,,ጥበብ ተዋስኦ,ተመልከቲ ዝፀልኦም ገፀባህሪ ፀገም እንተጓንፎ እንታይ ይስምዖ?,ይሕጎስ,unmatched,0.5,
tigqa-106-29,106,,ጥበብ ተዋስኦ,ተዋስኦ እንታይ የድልዮ?,ፀሓፊ ተዋስኦ መራሒ መድረኽ ተዋሳእቲ,unmatched,0.368,
tigqa-106-33,106,,ጥበብ ተዋስኦ,ኣብ መድረኽ ዝረኣይ ተግባር ኣብ ምንታይ ዝሰፈረ እዩ?,ኣብ ፅሑፍ,fuzzy,0.8,ብፅሑፍ
tigqa-106-34,106,,ጥበብ ተዋስኦ,ፀሓፊ ታሪክ እንታይ ናይ ምግባር ዕድል የብሉን?,ኣብ መንጎ እናኣተወ ርኢቶ ናይ ምሃብ,unmatched,0.611,
tigqa-106-35,106,,ጥበብ ተዋስኦ,ዝርርብን ተግባርን መን ይፍፅሞ?,ገፀባህሪያት,unmatched,0.714,
tigqa-106-36,106,,ጥበብ ተዋስኦ,ምንቅስቓስተዋሳእቲ ዝቆፃፀር መን እዩ?,መራሒ ተዋስኦ,unmatched,0.714,
tigqa-106-38,106,,ጥበብ ተዋስኦ,ድርሰት ዘዳሉ ክኢላታት እንታይ ኣለዉ?,ስእሊ' መብራህቲ,unmatched,0.556,
tigqa-107-01,107,,ዓይነታት ተዋስኦ,ተዋስኦ ኣብ ዉሽጡ እንታይ ኣለዉዎ?,ዝተፈላለዩ ዓይነታት ተዋስኦ,fuzzy,0.733,ዝተፈላለዩ ዓይነታት
tigqa-107-04,107,,ዓይነታት ተዋስኦ,ኣብ ሕዝኖታዊ ተዋስኦ እንታይ ይለዓሉ?,መሰረታዊ ሕቶታት ሞትን ሂወትን ዘመራምሩ,unmatched,0.333,
tigqa-107-10,107,,ዓይነታት ተዋስኦ,ኣብ ትፍስህታዊ ተዋስኦ እንታይ ዋኒናት ይለዓሉ?,ኣብ ባህሊ እቲ ማሕበረሰብ ዝረኣዩ ሕፅረታት ደራሲ ብመልክዕ ነቐፌታ የቕርቦም,unmatched,0.564,
